﻿year	round	pick	player	position	school
1980	1	1	Carroll, Joe Barry	F/C	Purdue
1980	1	2	Griffith, Darrell	G	Louisville
1980	1	3	McHale, Kevin	F/C	Minnesota
1980	1	4	Ransey, Kelvin	G	Ohio State
1980	1	5	Ray, James	F	Jacksonville
1980	1	6	O'Koren, Mike	G/F	North Carolina
1980	1	7	Gminski, Mike	C	Duke
1980	1	8	Toney, Andrew	G	Southwestern Louisiana
1980	1	9	Brooks, Michael	F	La Salle
1980	1	10	Lester, Ronnie	G	Iowa
1980	1	11	Vandeweghe, Kiki	F	UCLA
1980	1	12	Woodson, Mike	G/F	Indiana
1980	1	13	Brown, Rickey	F/C	Mississippi State
1980	1	14	Matthews, Wes	G	Wisconsin
1980	1	15	Johnson, Reggie	F/C	Tennessee
1980	1	16	Whitney, Charles	G/F	NC State
1980	1	17	Drew, Larry	G	Missouri
1980	1	18	Collins, Don	G/F	Washington State
1980	1	19	Duren, John	G	Georgetown
1980	1	20	Hanzlik, Bill	G/F	Notre Dame
1980	1	21	Davis, Monti	F	Tennessee State
1980	1	22	Kinch, Chad	G	UNC Charlotte
1980	1	23	Nicks, Carl	G	Indiana State
1980	2	24	Smith, Larry	F/C	Alcorn State
1980	2	25	Ruland, Jeff	F/C	Iona
1980	2	26	Worthen, Sam	F	Marquette
1980	2	27	Stroud, John	F	Mississippi
1980	2	28	Shelton, Craig	F	Georgetown
1980	2	29	Orr, Louis	F	Syracuse
1980	2	30	Natt, Kenny	G	Northeast Louisiana
1980	2	31	Robinson, Wayne	F	Virginia Tech
1980	2	32	Lawrence, David	F	McNeese State
1980	2	33	Collins, Bruce	G/F	Weber State
1980	2	34	Bouie, Roosevelt	C	Syracuse
1980	2	35	Mahorn, Rick	F/C	Hampton
1980	2	36	Scales, DeWayne	F	LSU
1980	2	37	Carter, Butch	G	Indiana
1980	2	38	Stotts, Terry	F	Oklahoma
1980	2	39	Wiley, Michael	F	Long Beach State
1980	2	40	Miller, Dick	F	Toledo
1980	2	41	Oldham, Jawann	C	Seattle
1980	2	42	Belton, Kimberly	F	Stanford
1980	2	43	Williams, Billy	G	Clemson
1980	2	44	Austin, Clyde	G	NC State
1980	2	45	Branson, Brad	F/C	SMU
1980	2	46	Hallman, Arnette	F	Purdue
1981	1	1	Aguirre, Mark	G/F	DePaul
1981	1	2	Thomas, Isiah	G	Indiana
1981	1	3	Williams, Buck	F/C	Maryland
1981	1	4	Wood, Al	G/F	North Carolina
1981	1	5	Vranes, Danny	F	Utah
1981	1	6	Woolridge, Orlando	F	Notre Dame
1981	1	7	Johnson, Steve	F/C	Oregon State
1981	1	8	Chambers, Tom	F/C	Utah
1981	1	9	Blackman, Rolando	G	Kansas State
1981	1	10	King, Albert	G/F	Maryland
1981	1	11	Johnson, Frank	G	Wake Forest
1981	1	12	Tripucka, Kelly	G/F	Notre Dame
1981	1	13	Schayes, Danny	F/C	Syracuse
1981	1	14	Williams, Herb	F/C	Ohio State
1981	1	15	Lamp, Jeff	G/F	Virginia
1981	1	16	Valentine, Darnell	G	Kansas
1981	1	17	Loder, Kevin	G/F	Alabama State
1981	1	18	Tolbert, Ray	F	Indiana
1981	1	19	McGee, Mike	G/F	Michigan
1981	1	20	Nance, Larry	F/C	Clemson
1981	1	21	Lister, Alton	F/C	Arizona State
1981	1	22	Edwards, Franklin	G	Cleveland State
1981	1	23	Bradley, Charles	G	Wyoming
1981	2	24	Vincent, Jay	F	Michigan State
1981	2	25	Jackson, Tracy	G/F	Notre Dame
1981	2	26	Jackson, Brian	F	Utah State
1981	2	27	Wood, Howard	F	Tennessee
1981	2	28	Banks, Gene	G/F	Duke
1981	2	29	Johnson, Eddie	G/F	Illinois
1981	2	30	Rains, Ed	F	South Alabama
1981	2	31	Ainge, Danny	G/F	Brigham Young
1981	2	32	Olliver, Mike	G	Lamar
1981	2	33	Williams, Sam	F	Arizona State
1981	2	34	Green, Ken	F	Pan American
1981	2	35	Davis, Charles	F	Vanderbilt
1981	2	36	Blume, Ray	G	Oregon State
1981	2	37	Leslie, Al	G	Bucknell
1981	2	38	Bradshaw, Clyde	G	DePaul
1981	2	39	Knuckles, Harvey	F	Toledo
1981	2	40	Cook, Greg	F	LSU
1981	2	41	Gregory, Claude	F	Wisconsin
1981	2	42	Rolle, Elvis	F/C	Florida State
1981	2	43	Turner, Elston	G/F	Mississippi
1981	2	44	Lingenfelter, Steve	F	South Dakota State
1981	2	45	Turner, Ed	F	Texas A&I
1981	2	46	Smith, Vernon	F	Texas A&M
1982	1	1	Worthy, James	SF	North Carolina
1982	1	2	Cummings, Terry	PF	DePaul
1982	1	3	Wilkins, Dominique	SF	Georgia
1982	1	4	Garnett, Bill	SF	Wyoming
1982	1	5	Thompson, LaSalle	C/PF	Texas
1982	1	6	Tucker, Trent	SG	Minnesota
1982	1	7	Dailey, Quintin	SG	San Francisco
1982	1	8	Clark Kellogg	PF	Ohio State
1982	1	9	Levingston, Cliff	PF	Wichita State
1982	1	10	Edmonson, Keith	SG	Purdue
1982	1	11	Fat Lever	PG	Arizona State
1982	1	12	Bagley, John	PG	Boston College
1982	1	13	Floyd, Sleepy	SG	Georgetown
1982	1	14	Conner, Lester	PG	Oregon State
1982	1	15	Thirdkill, David	SF	Bradley
1982	1	16	Teagle, Terry	SG	Baylor
1982	1	17	Steppe, Brook	SG	Georgia Tech
1982	1	18	Pierce, Ricky	SF	Rice
1982	1	19	Williams, Rob	PG	Houston
1982	1	20	Pressey, Paul	SF	Tulsa
1982	1	21	Phillips, Eddie	SF	Alabama
1982	1	22	McNamara, Mark	C	California
1982	1	23	Tillis, Darren	C	Cleveland State
1982	2	24	Robinson, Oliver	SG	UAB
1982	2	25	Warrick, Bryan	SG	Saint Joseph's
1982	2	26	Frazier, Ricky	SF	Missouri
1982	2	27	Roberts, Fred	PF	BYU
1982	2	28	Magley, Dave	PF	Kansas
1982	2	29	Hastings, Scott	F/C	Arkansas
1982	2	30	Bryant, Wallace	C	San Francisco
1982	2	31	Higgins, Rod	F/C	Fresno State
1982	2	32	Anderson, Richard	PF	UC Santa Barbara
1982	2	33	Townes, Linton	SF	James Madison
1982	2	34	Taylor, Vince	SF	Duke
1982	2	35	Smith, Derek	SG	Louisville
1982	2	36	Anderson, J. J.	SF	Bradley
1982	2	37	Norris, Audie	C	Jackson State
1982	2	38	Wayne Sappleton	F	Loyola (IL)
1982	2	39	Magee, Kevin	PF	UC Irvine
1982	2	40	Morgan, Guy	G	Wake Forest
1982	2	41	Anderson, Dwight	G	USC
1982	2	42	Taylor, Jeff	SG	Texas Tech
1982	2	43	Slaughter, Jose	SG	Portland
1982	2	44	Gibson, Mike	F	USC Upstate
1982	2	45	Schoene, Russ	F/C	Chattanooga
1982	2	46	Guy, Tony	G	Kansas
1983	1	1	Sampson, Ralph	C	Virginia
1983	1	2	Stipanovich, Steve	C	Missouri
1983	1	3	McCray, Rodney	SF	Louisville
1983	1	4	Scott, Byron	SG	Arizona State
1983	1	5	Green, Sidney	PF	UNLV
1983	1	6	Cross, Russell	C	Purdue
1983	1	7	Bailey, Thurl	PF	NC State
1983	1	8	Carr, Antoine	PF	Wichita State
1983	1	9	Ellis, Dale	SG	Tennessee
1983	1	10	Malone, Jeff	SG	Mississippi State
1983	1	11	Harper, Derek	PG/SG	Illinois
1983	1	12	Walker, Darrell	SG	Arkansas
1983	1	13	Whatley, Ennis	PG	Alabama
1983	1	14	Drexler, Clyde	SG	Houston
1983	1	15	Carter, Howard	SG	LSU
1983	1	16	Sundvold, Jon	PG	Missouri
1983	1	17	Rautins, Leo	SF	Syracuse
1983	1	18	Breuer, Randy	C	Minnesota
1983	1	19	Paxson, John	PG	Notre Dame
1983	1	20	Hinson, Roy	C	Rutgers
1983	1	21	Kite, Greg	C	BYU
1983	1	22	Wittman, Randy	SG	Indiana
1983	1	23	Wiggins, Mitchell	SG	Florida State
1983	1	24	Granger, Stewart	PG	Villanova
1983	2	25	Lowe, Sidney	PG	NC State
1983	2	26	Combs, Leroy	SF	Oklahoma State
1983	2	27	Garris, John	PF	Boston College
1983	2	28	Foster, Rod	PG	UCLA
1983	2	29	Micheaux, Larry	PF	Houston
1983	2	30	West, Mark	C	Old Dominion
1983	2	31	Rivers, Doc	PG	Marquette
1983	2	32	Britt, Michael	SF	UDC
1983	2	33	Minniefield, Dirk	PG	Kentucky
1983	2	34	Williams, Guy	F	Washington State
1983	2	35	Lockhart, Darrell	C	Auburn
1983	2	36	McCray, Scooter	PF	Louisville
1983	2	37	Russell, David	SF	St. John's
1983	2	38	McNealy, Chris	PF	San Jose State
1983	2	39	Waiters, Granville	C	Ohio State
1983	2	40	Thomas, Jim	SG	Indiana
1983	2	41	Kitchel, Ted	SF	Indiana
1983	2	42	Davis, Mike	SG	Alabama
1983	2	43	Mannion, Pace	SF	Utah
1983	2	44	Owens, Horace	SG	Rhode Island
1983	2	45	Williams, Paul	SF	Arizona State
1983	2	46	Williams, Kevin	PG	St. John's
1983	2	47	Lyons, Kenneth	PF	North Texas State
1984	1	1	Olajuwon, Akeem	C	Houston
1984	1	2	Bowie, Sam	C	Kentucky
1984	1	3	Jordan, Michael	G/F	North Carolina
1984	1	4	Perkins, Sam	F/C	North Carolina
1984	1	5	Barkley, Charles	F	Auburn
1984	1	6	Turpin, Melvin	C	Kentucky
1984	1	7	Robertson, Alvin	G	Arkansas
1984	1	8	Gordon, Lancaster	G	Louisville
1984	1	9	Thorpe, Otis	F/C	Providence
1984	1	10	Wood, Leon	G	Cal State Fullerton
1984	1	11	Willis, Kevin	F/C	Michigan State
1984	1	12	McCormick, Tim	C	Michigan
1984	1	13	Humphries, Jay	G	Colorado
1984	1	14	Cage, Michael	F/C	San Diego State
1984	1	15	Stansbury, Terence	G	Temple
1984	1	16	Stockton, John	G	Gonzaga
1984	1	17	Turner, Jeff	F/C	Vanderbilt
1984	1	18	Fleming, Vern	G	Georgia
1984	1	19	Thompson, Bernard	G/F	Fresno State
1984	1	20	Campbell, Tony	G/F	Ohio State
1984	1	21	Fields, Kenny	G/F	UCLA
1984	1	22	Sewell, Tom	G	Lamar
1984	1	23	Jones, Earl	C	UDC
1984	1	24	Young, Michael	G/F	Houston
1984	2	25	Durrant, Devin	F	Brigham Young
1984	2	26	Fleming, Victor	G	Xavier
1984	2	27	Anderson, Ron	G/F	Fresno State
1984	2	28	Blackwell, Cory	F	Wisconsin
1984	2	29	Gray, Stuart	F/C	UCLA
1984	2	30	Burtt, Steve	G	Iona
1984	2	31	Murphy, Jay	F	Boston College
1984	2	32	Turner, Eric	G	Michigan
1984	2	33	Colter, Steve	G	New Mexico State
1984	2	34	Costner, Tony	C	Saint Joseph's
1984	2	35	Wilson, Othell	G	Virginia
1984	2	36	Jones, Charles	F	Louisville
1984	2	37	Coleman, Ben	F	Maryland
1984	2	38	Sitton, Charlie	F	Oregon State
1984	2	39	Young, Danny	G	Wake Forest
1984	2	40	Teachey, Anthony	F	Wake Forest
1984	2	41	Sluby, Tom	G	Notre Dame
1984	2	42	White, Willie	G	Chattanooga
1984	2	43	Wiltjer, Greg	C	Victoria (Canada)
1984	2	44	Reynolds, Fred	F	UTEP
1984	2	45	Plummer, Gary	F/C	Boston University
1984	2	46	Kersey, Jerome	F	Longwood
1984	2	47	Williams, Ronnie	F	Florida
1985	1	1	Ewing, Patrick	C	Georgetown
1985	1	2	Tisdale, Wayman	PF	Oklahoma
1985	1	3	Benjamin, Benoit	C	Creighton
1985	1	4	McDaniel, Xavier	PF	Wichita State
1985	1	5	Koncak, Jon	C	SMU
1985	1	6	Kleine, Joe	C	Arkansas
1985	1	7	Mullin, Chris	SF	St. John's
1985	1	8	Schrempf, Detlef	SF/PF	Washington
1985	1	9	Oakley, Charles	PF	Virginia Union
1985	1	10	Pinckney, Ed	PF	Villanova
1985	1	11	Lee, Keith	C	Memphis State
1985	1	12	Green, Kenny	F	Wake Forest
1985	1	13	Malone, Karl	PF	Louisiana Tech
1985	1	14	Hughes, Alfredrick	SG	Loyola (IL)
1985	1	15	Rasmussen, Blair	C	Oregon
1985	1	16	Wennington, Bill	C	St. John's
1985	1	17	Blab, Uwe	C	Indiana
1985	1	18	Dumars, Joe	SG	McNeese State
1985	1	19	Harris, Steve	SG	Tulsa
1985	1	20	Vincent, Sam	SG	Michigan State
1985	1	21	Catledge, Terry	PF	South Alabama
1985	1	22	Reynolds, Jerry	G/F	LSU
1985	1	23	Green, A. C.	SF/PF	Oregon State
1985	1	24	Porter, Terry	PG	Wisconsin–Stevens Point
1985	2	25	Smrek, Mike	C	Canisius
1985	2	26	Martin, Bill	F	Georgetown
1985	2	27	McClain, Dwayne	SG	Villanova
1985	2	28	Johnson, Ken	F	Michigan State
1985	2	29	Brittain, Mike	C	South Carolina
1985	2	30	Duncan, Calvin	G	VCU
1985	2	31	Bol, Manute	C	Bridgeport
1985	2	32	Vanos, Nick	C	Santa Clara
1985	2	33	Stokes, Greg	F/C	Iowa
1985	2	34	Sherrod, Aubrey	SG	Wichita State
1985	2	35	Corbin, Tyrone	SF/PF	DePaul
1985	2	36	Joseph, Yvon	C	Georgia Tech
1985	2	37	Scurry, Carey	F	LIU Brooklyn
1985	2	38	Martín, Fernando	PF	Real Madrid
1985	2	39	Montgomery, George	F	Illinois
1985	2	40	Acres, Mark	F/C	Oral Roberts
1985	2	41	Charles, Lorenzo	PF	NC State
1985	2	42	Hurt, Bobby Lee	C/F	Alabama
1985	2	43	Stevens, Barry	G/F	Iowa State
1985	2	44	Winters, Voise	SG	Bradley
1985	2	45	Williams, John "Hot Rod"	PF	Tulane
1985	2	46	Branch, Adrian	SF	Maryland
1985	2	47	Wilkins, Gerald	SG	Chattanooga
1986	1	1	Daugherty, Brad	C	North Carolina
1986	1	2	Bias, Len	SF	Maryland
1986	1	3	Washburn, Chris	C	NC State
1986	1	4	Person, Chuck	SF	Auburn
1986	1	5	Walker, Kenny	SF	Kentucky
1986	1	6	Bedford, William	C	Memphis State
1986	1	7	Tarpley, Roy	C	Michigan
1986	1	8	Harper, Ron	SF	Miami (OH)
1986	1	9	Sellers, Brad	C	Ohio State
1986	1	10	Dawkins, Johnny	PG	Duke
1986	1	11	Salley, John	PF	Georgia Tech
1986	1	12	Williams, John	PF	LSU
1986	1	13	Washington, Dwayne	PG	Syracuse
1986	1	14	Berry, Walter	SF/PF	St. John's
1986	1	15	Curry, Dell	SG/SF	Virginia Tech
1986	1	16	Martin, Maurice	SF	Saint Joseph's
1986	1	17	Pressley, Harold	SF	Villanova
1986	1	18	Alarie, Mark	PF	Duke
1986	1	19	Thompson, Billy	SF	Louisville
1986	1	20	Johnson, Buck	SF	Alabama
1986	1	21	Jones, Anthony	SF	UNLV
1986	1	22	Skiles, Scott	PG	Michigan State
1986	1	23	Barlow, Ken	PF	Notre Dame
1986	1	24	Sabonis, Arvydas	C	Zalgiris
1986	2	25	Price, Mark	PG	Georgia Tech
1986	2	26	Dreiling, Greg	C	Kansas
1986	2	27	Rodman, Dennis	PF	Southeastern Oklahoma State
1986	2	28	Krystkowiak, Larry	PF	Montana
1986	2	29	Newman, Johnny	SF	Richmond
1986	2	30	McMillan, Nate	PG	NC State
1986	2	31	Ward, Joe	SF	Georgia
1986	2	32	Henderson, Cedric	PF	Georgia
1986	2	33	Duckworth, Kevin	C	Eastern Illinois
1986	2	34	Rogers, Johnny	PF	UC Irvine
1986	2	35	Wagner, Milt	SG	Louisville
1986	2	36	Mitchell, Steve	PG	UAB
1986	2	37	Fasoulas, Panagiotis	C	NC State
1986	2	38	Lampley, Lemone	C	DePaul
1986	2	39	Addison, Rafael	SF	Syracuse
1986	2	40	Binelli, Augusto	C	Virtus Bologna
1986	2	41	Smith, Otis	SG	Jacksonville
1986	2	42	Kellogg, Ron	SF	Kansas
1986	2	43	Feitl, Dave	C	UTEP
1986	2	44	Wingate, David	SG	Georgetown
1986	2	45	Smith, Keith	PG	Loyola Marymount
1986	2	46	Hornacek, Jeff	SG	Iowa State
1986	2	47	Jackson, Michael	PG	Georgetown
1987	1	1	Robinson, David	C	Navy
1987	1	2	Gilliam, Armen	PF	UNLV
1987	1	3	Hopson, Dennis	SF	Ohio State
1987	1	4	Williams, Reggie	SF	Georgetown
1987	1	5	Pippen, Scottie	SF	Central Arkansas
1987	1	6	Kenny Smith	PG	North Carolina
1987	1	7	Kevin Johnson	PG	California
1987	1	8	Polynice, Olden	C	Virginia
1987	1	9	McKey, Derrick	SF/PF	Alabama
1987	1	10	Horace Grant	PF/C	Clemson
1987	1	11	Reggie Miller	SG	UCLA
1987	1	12	Bogues, Muggsy	PG	Wake Forest
1987	1	13	Wolf, Joe	C	North Carolina
1987	1	14	Frank, Tellis	PF	WKU
1987	1	15	Ortiz, José	PF	Oregon State
1987	1	16	Welp, Christian	C	Washington
1987	1	17	Murphy, Ronnie	SG	Jacksonville
1987	1	18	Jackson, Mark	PG	St. John's
1987	1	19	Norman, Ken	SF	Illinois
1987	1	20	Farmer, Jim	SG	Alabama
1987	1	21	Comegys, Dallas	C	DePaul
1987	1	22	Lewis, Reggie	SG	Northeastern
1987	1	23	Anderson, Greg "Cadillac"	PF	Houston
1987	2	24	Banks, Freddie	SG	UNLV
1987	2	25	Moore, Ron	C	West Virginia State
1987	2	26	Alford, Steve	SG	Indiana
1987	2	27	Blackwell, Nate	PG	Temple
1987	2	28	Winslow, Rickie	SF	Houston
1987	2	29	Fonville, Lester	C	Jackson State
1987	2	30	Wilson, Nikita	SF	LSU
1987	2	31	Moore, Andre	PF	Loyola (IL)
1987	2	32	McCann, Bob	SF	Morehead State
1987	2	33	White, Tony	PG	Tennessee
1987	2	34	Rowsom, Brian	PF	UNC Wilmington
1987	2	35	Lee, Doug	SG	Purdue
1987	2	36	Washington, Duane	SG	Middle Tennessee
1987	2	37	Dowell, Derrick	SF	USC
1987	2	38	Coleman, Norris	SF	Kansas State
1987	2	39	Askew, Vincent	SG/SF	Memphis State
1987	2	40	Garland, Winston	PG	Southwest Missouri State
1987	2	41	Johnson, Kannard	SF	WKU
1987	2	42	Bailey, Terrance	SG	Wagner
1987	2	43	Kennedy, Andrew	F	Virginia
1987	2	44	Coner, Terry	PG	Alabama
1987	2	45	Lohaus, Brad	PF/C	Iowa
1987	2	46	Dalrymple, Bruce	G	Georgia Tech
1988	1	1	Manning, Danny	PF	Kansas
1988	1	2	Smits, Rik	C	Marist
1988	1	3	Smith, Charles	PF	Pittsburgh
1988	1	4	Morris, Chris	SF	Auburn
1988	1	5	Richmond, Mitch	SG	Kansas State
1988	1	6	Hawkins, Hersey	SG	Bradley
1988	1	7	Perry, Tim	F	Temple
1988	1	8	Chapman, Rex	SG	Kentucky
1988	1	9	Seikaly, Rony	C	Syracuse
1988	1	10	Anderson, Willie	SG	Georgia
1988	1	11	Perdue, Will	C	Vanderbilt
1988	1	12	Grant, Harvey	SF	Oklahoma
1988	1	13	Grayer, Jeff	PG	Iowa State
1988	1	14	Majerle, Dan	SF	Central Michigan
1988	1	15	Grant, Gary	PG	Michigan
1988	1	16	Chievous, Derrick	SG	Missouri
1988	1	17	Leckner, Eric	C	Wyoming
1988	1	18	Berry, Ricky	SG	San Jose State
1988	1	19	Strickland, Rod	PG	DePaul
1988	1	20	Edwards, Kevin	SG	DePaul
1988	1	21	Bryant, Mark	PF	Seton Hall
1988	1	22	Keys, Randolph	SF	Southern Miss
1988	1	23	Lane, Jerome	PF	Pittsburgh
1988	1	24	Shaw, Brian	SG	UC Santa Barbara
1988	1	25	Rivers, David	PG	Notre Dame
1988	2	26	Ferreira, Rolando	C	Houston
1988	2	27	Jones, Shelton	F	St. John's
1988	2	28	Lang, Andrew	C	Arkansas
1988	2	29	Del Negro, Vinny	SG	NC State
1988	2	30	Dembo, Fennis	PF	Wyoming
1988	2	31	Stephens, Everette	G	Purdue
1988	2	32	Shackleford, Charles	F/C	NC State
1988	2	33	Long, Grant	F	Eastern Michigan
1988	2	34	Tolbert, Tom	F/C	Arizona
1988	2	35	Gray, Sylvester	F	Memphis State
1988	2	36	Eackles, Ledell	G/F	New Orleans
1988	2	37	Butler, Greg	C	Stanford
1988	2	38	Garrett, Dean	C	Indiana
1988	2	39	Horford, Tito	C	Miami (FL)
1988	2	40	Graham, Orlando	F	Auburn-Montgomery
1988	2	41	Smart, Keith	G	Indiana
1988	2	42	Moe, Jeff	SG	Iowa
1988	2	43	Mitchell, Todd	F	Purdue
1988	2	44	Taylor, Anthony	G	Oregon
1988	2	45	Garrick, Tom	G	Rhode Island
1988	2	46	Wiley, Morlon	G	Long Beach State
1988	2	47	Maxwell, Vernon	SG	Florida
1988	2	48	Williams, Micheal	G	Baylor
1988	2	49	Vargas, José	C/PF	LSU
1988	2	50	Kerr, Steve	PG	Arizona
1989	1	1	Pervis Ellison	PF	Louisville 
1989	1	2	Danny Ferry	PF	Duke 
1989	1	3	Sean Elliott	SF/SG	Arizona 
1989	1	4	Glen Rice	SF	Michigan 
1989	1	5	J. R. Reid	PF/C	North Carolina 
1989	1	6	Stacey King	C	Oklahoma 
1989	1	7	George McCloud	SG/SF	Florida State 
1989	1	8	Randy White	PF	Louisiana Tech 
1989	1	9	Tom Hammonds	PF/C	Georgia Tech 
1989	1	10	Pooh Richardson	PG	UCLA 
1989	1	11	Nick Anderson	SF/SG	Illinois 
1989	1	12	Mookie Blaylock	PG	Oklahoma 
1989	1	13	Michael Smith	PF	BYU 
1989	1	14	Tim Hardaway*	PG	UTEP 
1989	1	15	Todd Lichti	SG	Stanford 
1989	1	16	Dana Barros	PG	Boston College 
1989	1	17	Shawn Kemp	PF/C	Trinity Valley CC
1989	1	18	B. J. Armstrong	PG	Iowa 
1989	1	19	Kenny Payne	PF	Louisville 
1989	1	20	Jeff Sanders	PF/C	Georgia Southern 
1989	1	21	Blue Edwards	SF/SG	East Carolina 
1989	1	22	Byron Irvin	SG	Missouri 
1989	1	23	Roy Marble	SG/SF	Iowa 
1989	1	24	Anthony Cook	PF/C	Arizona 
1989	1	25	John Morton	PG	Seton Hall 
1989	1	26	Vlade Divac	C	KK Partizan 
1989	1	27	Kenny Battle	PF	Illinois 
1989	2	28	Sherman Douglas	G	Syracuse 
1989	2	29	Dyron Nix	F	Tennessee 
1989	2	30	Frank Kornet	F	Vanderbilt 
1989	2	31	Jeff Martin	G	Murray State 
1989	2	32	Stanley Brundy	F	DePaul 
1989	2	33	Jay Edwards	G	Indiana 
1989	2	34	Gary Leonard	C	Missouri 
1989	2	35	Pat Durham	F	Colorado State 
1989	2	36	Cliff Robinson	PF/C	Connecticut 
1989	2	37	Michael Ansley	F	Alabama 
1989	2	38	Doug West	G/F	Villanova 
1989	2	39	Ed Horton	PF/C	Iowa 
1989	2	40	Dino Rađa	PF	KK Split 
1989	2	41	Doug Roth	C	Tennessee 
1989	2	42	Michael Cutright	SG	McNeese State 
1989	2	43	Chucky Brown	PF	North Carolina State 
1989	2	44	Reggie Cross	PF	Hawaii 
1989	2	45	Scott Haffner	G	Evansville 
1989	2	46	Ricky Blanton	F	LSU 
1989	2	47	Reggie Turner	SF	UAB 
1989	2	48	Junie Lewis	PG	South Alabama 
1989	2	49	Haywoode Workman	G	Oral Roberts 
1989	2	50	Brian Quinnett	F	Washington State 
1989	2	51	Mike Morrison	G	Loyola 
1989	2	52	Greg Grant	G	Trenton State 
1989	2	53	Jeff Hodge	SG	South Alabama 
1989	2	54	Toney Mack	SG	Georgia 
1990	1	1	Derrick Coleman	PF/C	Syracuse
1990	1	2	Gary Payton	PG	Oregon State
1990	1	3	Chris Jackson	PG	LSU
1990	1	4	Dennis Scott	SG/SF	Georgia Tech
1990	1	5	Kendall Gill	SG	Illinois
1990	1	6	Felton Spencer	C	Louisville
1990	1	7	Lionel Simmons	SF	La Salle
1990	1	8	Bo Kimble	SG	Loyola Marymount
1990	1	9	Willie Burton	SG	Minnesota
1990	1	10	Rumeal Robinson	PG	Michigan
1990	1	11	Tyrone Hill	PF	Xavier
1990	1	12	Alec Kessler	PF	Georgia
1990	1	13	Loy Vaught	PF	Michigan
1990	1	14	Travis Mays	PG	Texas
1990	1	15	Dave Jamerson	SG	Ohio
1990	1	16	Terry Mills	SF	Michigan
1990	1	17	Jerrod Mustaf	F/C	Maryland
1990	1	18	Duane Causwell	C	Temple
1990	1	19	Dee Brown	SG	Jacksonville
1990	1	20	Gerald Glass	SF/SG	Ole Miss
1990	1	21	Jayson Williams	PF/C	St. John's
1990	1	22	Tate George	SG	Connecticut
1990	1	23	Anthony Bonner	PF/SF	Saint Louis
1990	1	24	Dwayne Schintzius	C	Florida
1990	1	25	Alaa Abdelnaby	PF	Duke
1990	1	26	Lance Blanks	PG/SG	Texas
1990	1	27	Elden Campbell	PF/C	Clemson
1990	2	28	Les Jepsen	C	Iowa
1990	2	29	Toni Kukoč	SF	KK Split 
1990	2	30	Carl Herrera	PF	Houston
1990	2	31	Negele Knight	G	Dayton
1990	2	32	Brian Oliver	G	Georgia Tech
1990	2	33	Walter Palmer	C/F	Dartmouth
1990	2	34	Kevin Pritchard	G	Kansas
1990	2	35	Greg Foster	F/C	UTEP
1990	2	36	Trevor Wilson	F	UCLA
1990	2	37	A.J. English	G	Virginia Union
1990	2	38	Jud Buechler	F/G	Arizona
1990	2	39	Steve Scheffler	C/F	Purdue
1990	2	40	Bimbo Coles	G	Virginia Tech
1990	2	41	Steve Bardo	G	Illinois
1990	2	42	Marcus Liberty	F	Illinois
1990	2	43	Tony Massenburg	F	Maryland
1990	2	44	Steve Henson	G	Kansas State
1990	2	45	Antonio Davis	F/C	UTEP
1990	2	46	Kenny Williams	F	Elizabeth City State
1990	2	47	Derek Strong	F	Xavier
1990	2	48	Cedric Ceballos	F	Cal State Fullerton
1990	2	49	Phil Henderson	SG	Duke
1990	2	50	Miloš Babić	C	Tennessee Tech
1990	2	51	Tony Smith	G	Marquette
1990	2	52	Stefano Rusconi	PF/C	Ranger Varese 
1990	2	53	Abdul Shamsid-Deen	C	Providence
1990	2	54	Sean Higgins	G/F	Michigan
1991	1	1	Johnson, Larry	PF	UNLV
1991	1	2	Anderson, Kenny	PG	Georgia Tech
1991	1	3	Owens, Billy	SF	Syracuse
1991	1	4	Mutombo, Dikembe	C	Georgetown
1991	1	5	Smith, Steve	SG	Michigan State
1991	1	6	Smith, Doug	PF	Missouri
1991	1	7	Longley, Luc	C	New Mexico
1991	1	8	Macon, Mark	SG	Temple
1991	1	9	Stacey Augmon	SG/SF	UNLV
1991	1	10	Williams, Brian	PF/C	Arizona
1991	1	11	Brandon, Terrell	PG	Oregon
1991	1	12	Anthony, Greg	PG	UNLV
1991	1	13	Davis, Dale	PF	Clemson
1991	1	14	King, Rich	C	Nebraska
1991	1	15	Avent, Anthony	PF	Seton Hall
1991	1	16	Gatling, Chris	PF	Old Dominion
1991	1	17	Alexander, Victor	C	Iowa State
1991	1	18	Brooks, Kevin	SF	Southwestern Louisiana
1991	1	19	Smith, LaBradford	SG	Louisville
1991	1	20	Turner, John	PF	Phillips
1991	1	21	Murdock, Eric	PG	Providence
1991	1	22	Ellis, LeRon	PF	Syracuse
1991	1	23	Roberts, Stanley	C	Real Madrid
1991	1	24	Fox, Rick	SF	North Carolina
1991	1	25	Vandiver, Shaun	PF	Colorado
1991	1	26	Randall, Mark	PF	Kansas
1991	1	27	Chilcutt, Pete	PF	North Carolina
1991	2	28	Lynch, Kevin	G/F	Minnesota
1991	2	29	Ackles, George	C/PF	UNLV
1991	2	30	Monroe, Rodney	G/F	NC State
1991	2	31	Brown, Randy	PG	New Mexico State
1991	2	32	Gallagher, Chad	C	Creighton
1991	2	33	Hodge, Donald	C	Temple
1991	2	34	Brown, Myron	G	Slippery Rock
1991	2	35	Iuzzolino, Mike	G	Saint Francis (PA)
1991	2	36	Corchiani, Chris	G	NC State
1991	2	37	Perry, Elliot	PG	Memphis State
1991	2	38	Wylie, Joe	PF	Miami (FL)
1991	2	39	Oliver, Jimmy	G/F	Purdue
1991	2	40	Overton, Doug	PG	La Salle
1991	2	41	Green, Sean	F/G	Iona
1991	2	42	Hood, Steve	SF	James Madison
1991	2	43	Strothers, Lamont	G	Christopher Newport
1991	2	44	Teherán, Álvaro	C	Houston
1991	2	45	Phills, Bobby	SG	Southern
1991	2	46	Dumas, Richard	F	Hapoel Holon
1991	2	47	Hughes, Keith	PF	Rutgers
1991	2	48	Austin, Isaac	C	Arizona State
1991	2	49	Sutton, Greg	G	Oral Roberts
1991	2	50	Wright, Joey	SG	Texas
1991	2	51	Tabak, Žan	C	KK Split
1991	2	52	Jones, Anthony	SF	Oral Roberts
1991	2	53	McDade, Von	SG	Milwaukee
1991	2	54	Kennedy, Marcus	PF	Eastern Michigan
1992	1	1	Shaquille O'Neal	C	LSU 
1992	1	2	Alonzo Mourning	C	Georgetown 
1992	1	3	Christian Laettner	PF	Duke 
1992	1	4	Jimmy Jackson	SG	Ohio State 
1992	1	5	LaPhonso Ellis	PF	Notre Dame 
1992	1	6	Tom Gugliotta	PF	NC State 
1992	1	7	Walt Williams	SF	Maryland 
1992	1	8	Todd Day	SG	Arkansas 
1992	1	9	Clarence Weatherspoon	PF	Southern Miss 
1992	1	10	Adam Keefe	PF	Stanford 
1992	1	11	Robert Horry	SF	Alabama 
1992	1	12	Harold Miner	SG	USC 
1992	1	13	Bryant Stith	SG	Virginia 
1992	1	14	Malik Sealy	SF	St. John's 
1992	1	15	Anthony Peeler	SG	Missouri 
1992	1	16	Randy Woods	PG	La Salle 
1992	1	17	Doug Christie	SG	Pepperdine 
1992	1	18	Tracy Murray	SF	UCLA 
1992	1	19	Don MacLean	PF	UCLA 
1992	1	20	Hubert Davis	SG	North Carolina 
1992	1	21	Jon Barry	SG	Georgia Tech 
1992	1	22	Oliver Miller	C	Arkansas 
1992	1	23	Lee Mayberry	PG	Arkansas 
1992	1	24	Latrell Sprewell	SG	Alabama 
1992	1	25	Elmore Spencer	C	UNLV 
1992	1	26	Dave Johnson	SF	Syracuse 
1992	1	27	Byron Houston	PF	Oklahoma State 
1992	2	28	Marlon Maxey	PF	UTEP
1992	2	29	P. J. Brown	PF	Louisiana Tech
1992	2	30	Sean Rooks	PF/C	Arizona
1992	2	31	Reggie Smith	C	TCU
1992	2	32	Brent Price	G	Oklahoma
1992	2	33	Corey Williams	G	Oklahoma State
1992	2	34	Chris Smith	G	Connecticut
1992	2	35	Tony Bennett	G	Wisconsin–Green Bay
1992	2	36	Duane Cooper	G	USC
1992	2	37	Isaiah Morris	F	Arkansas
1992	2	38	Elmer Bennett	G	Notre Dame
1992	2	39	Litterial Green	G	Georgia
1992	2	40	Steve Rogers	SG/SF	Alabama State
1992	2	41	Popeye Jones	F	Murray State
1992	2	42	Matt Geiger	C	Georgia Tech
1992	2	43	Predrag Danilović	SG	KK Partizan, Yugoslavia
1992	2	44	Henry Williams	G	UNC-Charlotte
1992	2	45	Chris King	F	Wake Forest
1992	2	46	Robert Werdann	C	St. John's
1992	2	47	Darren Morningstar	C	Pittsburgh
1992	2	48	Brian Davis	F/G	Duke
1992	2	49	Ron Ellis	PF	Louisiana Tech
1992	2	50	Matt Fish	F	UNC-Wilmington
1992	2	51	Tim Burroughs	PF	Jacksonville
1992	2	52	Matt Steigenga	F	Michigan State
1992	2	53	Curtis Blair	PG	Richmond
1992	2	54	Brett Roberts	SF	Morehead State
1993	1	1	Webber, Chris	PF/C	Michigan
1993	1	2	Bradley, Shawn	C	BYU
1993	1	3	Hardaway, Penny	PG/SG	Memphis State
1993	1	4	Mashburn, Jamal	SF	Kentucky
1993	1	5	Rider, Isaiah	SG	UNLV
1993	1	6	Cheaney, Calbert	SG/SF	Indiana
1993	1	7	Hurley, Bobby	PG	Duke
1993	1	8	Baker, Vin	PF	Hartford
1993	1	9	Rogers, Rodney	PF	Wake Forest
1993	1	10	Hunter, Lindsey	PG	Jackson State
1993	1	11	Houston, Allan	SG	Tennessee
1993	1	12	Lynch, George	SF	North Carolina
1993	1	13	Dehere, Terry	SG	Seton Hall
1993	1	14	Haskin, Scott	PF	Oregon State
1993	1	15	Edwards, Doug	SF	Florida State
1993	1	16	Walters, Rex	SG	Kansas
1993	1	17	Graham, Greg	SG	Indiana
1993	1	18	Wright, Luther	C	Seton Hall
1993	1	19	Earl, Acie	C	Iowa
1993	1	20	Burrell, Scott	SF	Connecticut
1993	1	21	Robinson, James	SG	Alabama
1993	1	22	Mills, Chris	SF	Arizona
1993	1	23	Johnson, Ervin	C	New Orleans
1993	1	24	Cassell, Sam	PG	Florida State
1993	1	25	Blount, Corie	PF	Cincinnati
1993	1	26	Hammink, Geert	C	LSU
1993	1	27	Mackey, Malcolm	PF	Georgia Tech
1993	2	28	Harris, Lucious	PG	Long Beach State
1993	2	29	Mills, Sherron	F/C	VCU
1993	2	30	Mureșan, Gheorghe	C	Pau-Orthez
1993	2	31	Burns, Evers	F	Maryland
1993	2	32	Ford, Alphonso	SG	Mississippi Valley State
1993	2	33	Riley, Eric	C	Michigan
1993	2	34	Mee, Darnell	SG	Western Kentucky
1993	2	35	Stokes, Ed	C	Arizona
1993	2	36	Best, John	F/C	Tennessee Tech
1993	2	37	Van Exel, Nick	PG	Cincinnati
1993	2	38	McRae, Conrad	PF	Syracuse
1993	2	39	Hill, Thomas	SG/SF	Duke
1993	2	40	Manning, Rich	C	Washington
1993	2	41	Reed, Anthony	F	Tulane
1993	2	42	Jordan, Adonis	PG	Kansas
1993	2	43	Grant, Josh	PF	Utah
1993	2	44	Holcombe, Alex	C	Baylor
1993	2	45	Russell, Bryon	SF	Long Beach State
1993	2	46	Petruška, Richard	C	UCLA
1993	2	47	Whitney, Chris	PG	Clemson
1993	2	48	Thompson, Kevin	C	NC State
1993	2	49	Buford, Mark	C	Mississippi Valley State
1993	2	50	Nicola, Marcelo	PF	Taugres
1993	2	51	Dunkley, Spencer	C	Delaware
1993	2	52	Peplowski, Mike	C	Michigan State
1993	2	53	White, Leonard	F	Southern
1993	2	54	Wilson, Byron	SG/SF	Utah
1994	1	1	Robinson, Glenn	SF	Purdue
1994	1	2	Kidd, Jason	PG	California
1994	1	3	Hill, Grant	SF	Duke
1994	1	4	Marshall, Donyell	SF	Connecticut
1994	1	5	Howard, Juwan	PF	Michigan
1994	1	6	Wright, Sharone	PF/C	Clemson
1994	1	7	Murray, Lamond	SF	California
1994	1	8	Grant, Brian	PF	Xavier
1994	1	9	Montross, Eric	C	North Carolina
1994	1	10	Jones, Eddie	SG	Temple
1994	1	11	Rogers, Carlos	SF	Tennessee State
1994	1	12	Reeves, Khalid	PG	Arizona
1994	1	13	Rose, Jalen	G/F	Michigan
1994	1	14	Dare, Yinka	C	George Washington
1994	1	15	Piatkowski, Eric	SG	Nebraska
1994	1	16	Rozier, Clifford	PF	Louisville
1994	1	17	McKie, Aaron	SG	Temple
1994	1	18	Mobley, Eric	PF	Pittsburgh
1994	1	19	Dumas, Tony	SG	UMKC
1994	1	20	Tyler, B.J.	PG	Texas
1994	1	21	Simpkins, Dickey	PF	Providence
1994	1	22	Curley, Bill	PF	Boston College
1994	1	23	Person, Wesley	SG	Auburn
1994	1	24	Williams, Monty	SF	Notre Dame
1994	1	25	Minor, Greg	SG	Louisville
1994	1	26	Ward, Charlie	PG	Florida State
1994	1	27	Thompson, Brooks	PG	Oklahoma State
1994	2	28	Thomas, Deon	F/C	Illinois
1994	2	29	Lang, Antonio	F/G	Duke
1994	2	30	Eisley, Howard	PG	Boston College
1994	2	31	Dent, Rodney	F/C	Kentucky
1994	2	32	McIlvaine, Jim	C	Marquette
1994	2	33	Alston, Derrick	F	Duquesne
1994	2	34	Nickerson, Gaylon	G	Northwestern Oklahoma State
1994	2	35	Smith, Michael	F	Providence
1994	2	36	Fetisov, Andrei	F	Forum Valladolid
1994	2	37	Wingfield, Dontonio	F	Cincinnati
1994	2	38	Hancock, Darrin	G/F	Kansas
1994	2	39	Miller, Anthony	F	Michigan State
1994	2	40	Webster, Jeff	F	Oklahoma
1994	2	41	Njoku, William	PF	St. Mary's (Canada)
1994	2	42	Collier, Gary	SF	Tulsa
1994	2	43	Scott, Shawnelle	C	St. John's
1994	2	44	Bailey, Damon	G	Indiana
1994	2	45	Morton, Dwayne	F	Louisville
1994	2	46	Lenard, Voshon	SG	Minnesota
1994	2	47	Watson, Jamie	F	South Carolina
1994	2	48	Crudup, Jevon	F/C	Missouri
1994	2	49	Bruton, Kris	SF	Benedict
1994	2	50	Claxton, Charles	C	Georgia
1994	2	51	Funderburke, Lawrence	PF	Ohio State
1994	2	52	Goldwire, Anthony	PG	Houston
1994	2	53	Burditt, Albert	PF	Texas
1994	2	54	Rebrača, Željko	C	KK Partizan
1995	1	1	Smith, Joe	PF	Maryland
1995	1	2	McDyess, Antonio	PF	Alabama
1995	1	3	Stackhouse, Jerry	SG	North Carolina
1995	1	4	Wallace, Rasheed	PF	North Carolina
1995	1	5	Garnett, Kevin	PF	Farragut Academy HS
1995	1	6	Reeves, Bryant	C	Oklahoma State
1995	1	7	Stoudamire, Damon	PG	Arizona
1995	1	8	Respert, Shawn	SG	Michigan State
1995	1	9	O'Bannon, Ed	SF	UCLA
1995	1	10	Thomas, Kurt	PF/C	TCU
1995	1	11	Trent, Gary	PF	Ohio
1995	1	12	Parks, Cherokee	C	Duke
1995	1	13	Williamson, Corliss	PF	Arkansas
1995	1	14	Williams, Eric	SF	Providence
1995	1	15	Barry, Brent	SG	Oregon State
1995	1	16	Henderson, Alan	PF	Indiana
1995	1	17	Sura, Bob	SG	Florida State
1995	1	18	Ratliff, Theo	PF/C	Wyoming
1995	1	19	Childress, Randolph	PG	Wake Forest
1995	1	20	Caffey, Jason	PF	Alabama
1995	1	21	Finley, Michael	SF/SG	Wisconsin
1995	1	22	Zidek, George	C	UCLA
1995	1	23	Best, Travis	PG	Georgia Tech
1995	1	24	Meyer, Loren	PF	Iowa State
1995	1	25	Vaughn, David	PF/C	Memphis
1995	1	26	Ford, Sherell	PF	UIC
1995	1	27	Bennett, Mario	PF	Arizona State
1995	1	28	Ostertag, Greg	C	Kansas
1995	1	29	Alexander, Cory	PG	Virginia
1995	2	30	Roe, Lou	F	UMass
1995	2	31	Tarlać, Dragan	C	Olympiakos
1995	2	32	Rencher, Terrence	G	Texas
1995	2	33	Burrough, Junior	F	Virginia
1995	2	34	DeClercq, Andrew	PF/C	Florida
1995	2	35	King, Jimmy	G	Michigan
1995	2	36	Moten, Lawrence	G	Syracuse
1995	2	37	King, Frankie	G	Western Carolina
1995	2	38	Griffith, Rashard	C	Wisconsin
1995	2	39	Marshall, Donny	F	Connecticut
1995	2	40	Whitfield, Dwayne	F	Jackson State
1995	2	41	Meek, Erik	C	Duke
1995	2	42	Boyce, Donnie	G	Colorado
1995	2	43	Snow, Eric	PG	Michigan State
1995	2	44	Pelle, Anthony	C	Fresno State
1995	2	45	Brown, Troy	F/C	Providence
1995	2	46	Banks, George	F	UTEP
1995	2	47	Edney, Tyus	PG	UCLA
1995	2	48	Davis, Mark	G/F	Texas Tech
1995	2	49	Allen, Jerome	G	Pennsylvania
1995	2	50	Lewis, Martin	F	Seward County
1995	2	51	Bodiroga, Dejan	SF	Olimpia (Stefanel) Milano
1995	2	52	Hoiberg, Fred	SG	Iowa State
1995	2	53	Popa, Constantin	C	Miami (Florida)
1995	2	54	Zukauskas, Eurelijus	C	Neptūnas Klaipėda
1995	2	55	McDonald, Michael	C	New Orleans
1995	2	56	Carr, Chris	G	Southern Illinois
1995	2	57	Martin, Cuonzo	G/F	Purdue
1995	2	58	Reid, Don	F	Georgetown
1996	1	1	Iverson, Allen	G	Georgetown
1996	1	2	Camby, Marcus	C	Massachusetts
1996	1	3	Abdur-Rahim, Shareef	F	California
1996	1	4	Marbury, Stephon	G	Georgia Tech
1996	1	5	Allen, Ray	G	Connecticut
1996	1	6	Walker, Antoine	F	Kentucky
1996	1	7	Wright, Lorenzen	C	Memphis
1996	1	8	Kittles, Kerry	G	Villanova
1996	1	9	Walker, Samaki	F	Louisville
1996	1	10	Dampier, Erick	C	Mississippi State
1996	1	11	Fuller, Todd	C	NC State
1996	1	12	Potapenko, Vitaly	C	Wright State
1996	1	13	Bryant, Kobe	G	Lower Merion HS
1996	1	14	Stojaković, Peja	F	PAOK
1996	1	15	Nash, Steve	G	Santa Clara
1996	1	16	Delk, Tony	G	Kentucky
1996	1	17	O'Neal, Jermaine	F/C	Eau Claire HS 
1996	1	18	Wallace, John	F	Syracuse
1996	1	19	McCarty, Walter	F	Kentucky
1996	1	20	Ilgauskas, Žydrūnas	C	Atletas Kaunas
1996	1	21	Jones, Dontae	F	Mississippi State
1996	1	22	Rogers, Roy	F	Alabama
1996	1	23	Rentzias, Efthimios	C	PAOK
1996	1	24	Fisher, Derek	G	Arkansas-Little Rock
1996	1	25	Müürsepp, Martin	F	Tallinna Kalev
1996	1	26	Williams, Jerome	F	Georgetown
1996	1	27	Evans, Brian	F	Indiana
1996	1	28	Lauderdale, Priest	C	Peristeri
1996	1	29	Knight, Travis	C	Connecticut
1996	2	30	Harrington, Othella	F/C	Georgetown
1996	2	31	Hendrickson, Mark	G	Washington State
1996	2	32	Minor, Ryan	G	Oklahoma
1996	2	33	Norris, Moochie	G	West Florida
1996	2	34	Harvey, Shawn	G	West Virginia State
1996	2	35	Blair, Joseph	C	Arizona
1996	2	36	Sheffer, Doron	G	Connecticut
1996	2	37	McInnis, Jeff	G	North Carolina
1996	2	38	Hamer, Steve	C	Tennessee
1996	2	39	Millard, Russ	F	Iowa
1996	2	40	Mann, Marcus	F	Mississippi Valley State
1996	2	41	Sasser, Jason	F	Texas Tech
1996	2	42	Livingston, Randy	G	LSU
1996	2	43	Davis, Ben	F	Arizona
1996	2	44	Rose, Malik	F	Drexel
1996	2	45	Vogel, Joe	C	Colorado State
1996	2	46	Brown, Marcus	G	Murray State
1996	2	47	Riley, Ron	G/F	Arizona State
1996	2	48	Feick, Jamie	F	Michigan State
1996	2	49	McCaskill, Amal	C	Marquette
1996	2	50	Bell, Terrell	C	Georgia
1996	2	51	Robinson, Chris	G	Western Kentucky
1996	2	52	Pope, Mark	F	Kentucky
1996	2	53	Nordgaard, Jeff	F	Wisconsin–Green Bay
1996	2	54	Anderson, Shandon	F	Georgia
1996	2	55	Henderson, Ronnie	G	LSU
1996	2	56	Geary, Reggie	G	Arizona
1996	2	57	Barry, Drew	G	Georgia Tech
1996	2	58	Robinson, Darnell	F	Arkansas
1997	1	1	Tim Duncan	PF/C	Wake Forest
1997	1	2	Van Horn, Keith	PF	Utah
1997	1	3	Billups, Chauncey	PG	Colorado
1997	1	4	Daniels, Antonio	PG	Bowling Green
1997	1	5	Battie, Tony	C/F	Texas Tech
1997	1	6	Mercer, Ron	SF	Kentucky
1997	1	7	Thomas, Tim	SF	Villanova
1997	1	8	Foyle, Adonal	C	Colgate
1997	1	9	McGrady, Tracy	SG/SF	Mt. Zion Christian Academy
1997	1	10	Fortson, Danny	PF	Cincinnati
1997	1	11	Abdul-Wahad, Tariq	SF	San Jose State
1997	1	12	Croshere, Austin	PF	Providence
1997	1	13	Anderson, Derek	SG	Kentucky
1997	1	14	Taylor, Maurice	PF	Michigan
1997	1	15	Cato, Kelvin	C	Iowa State
1997	1	16	Knight, Brevin	PG	Stanford
1997	1	17	Taylor, Johnny	PF	Chattanooga
1997	1	18	Anstey, Chris	PF	SE Melbourne Magic
1997	1	19	Pollard, Scot	C	Kansas
1997	1	20	Grant, Paul	C	Wisconsin
1997	1	21	Parker, Anthony	SG	Bradley
1997	1	22	Gray, Ed	PG/SG	California
1997	1	23	Jackson, Bobby	PG	Minnesota
1997	1	24	Rhodes, Rodrick	SG	USC
1997	1	25	Thomas, John	C	Minnesota
1997	1	26	Smith, Charles	SG	New Mexico
1997	1	27	Vaughn, Jacque	PG	Kansas
1997	1	28	Booth, Keith	SF	Maryland
1997	2	29	Zwikker, Serge	C	North Carolina
1997	2	30	Sanford, Mark	SF/PF	Washington
1997	2	31	O'Bannon, Charles	PG	UCLA
1997	2	32	Cotton, James	SF	Long Beach State
1997	2	33	Milič, Marko	PG/SG	Smelt Olimpija
1997	2	34	Wells, Bubba	SF/PF	Austin Peay
1997	2	35	Stewart, Kebu	SF/PF	Cal State Bakersfield
1997	2	36	Collins, James	PG/SG	Florida State
1997	2	37	Jackson, Marc	SF/PF	Temple
1997	2	38	Honeycutt, Jerald	PF	Tulane
1997	2	39	Johnson, Anthony	PG/SG	College of Charleston
1997	2	40	Elisma, Ed	SF	Georgia Tech
1997	2	41	Lawson, Jason	C	Villanova
1997	2	42	Jackson, Stephen	SG	Butler CC
1997	2	43	Malone, Gordon	SF	West Virginia
1997	2	44	Henderson, Cedric	PF	Memphis
1997	2	45	Shammgod, God	PG	Providence
1997	2	46	Washington, Eric	SG	Alabama
1997	2	47	Williams, Alvin	PG	Villanova
1997	2	48	Drobnjak, Predrag	C	KK Partizan
1997	2	49	Digbeu, Alain	SG	ASVEL Lyon-Villeurbanne
1997	2	50	Crawford, Chris	SF	Marquette
1997	2	51	Wheat, DeJuan	PG	Louisville
1997	2	52	Bruton, C.J.	PG/SG	Indian Hills CC
1997	2	53	Rogers, Paul	C	Gonzaga
1997	2	54	Blount, Mark	C	Pittsburgh
1997	2	55	Pepper, Ben	C	Newcastle Falcons
1997	2	56	Erdmann, Nate	SG	Oklahoma
1997	2	57	Dueñas, Roberto	C	FC Barcelona
1998	1	1	Olowokandi, Michael	C	Pacific
1998	1	2	Bibby, Mike	PG	Arizona
1998	1	3	LaFrentz, Raef	C/F	Kansas
1998	1	4	Jamison, Antawn	F	North Carolina
1998	1	5	Carter, Vince	G/F	North Carolina
1998	1	6	Traylor, Robert	F/C	Michigan
1998	1	7	Williams, Jason	PG	Florida
1998	1	8	Hughes, Larry	SG	Saint Louis
1998	1	9	Nowitzki, Dirk	PF	DJK Würzburg
1998	1	10	Pierce, Paul	G/F	Kansas
1998	1	11	Wells, Bonzi	G/F	Ball State
1998	1	12	Doleac, Michael	C	Utah
1998	1	13	Clark, Keon	F/C	UNLV
1998	1	14	Dickerson, Michael	SG	Arizona
1998	1	15	Harpring, Matt	F/G	Georgia Tech
1998	1	16	Drew, Bryce	PG	Valparaíso
1998	1	17	Nesterovič, Radoslav	C	Kinder Bologna
1998	1	18	Türkcan, Mirsad	PF	Efes Pilsen
1998	1	19	Garrity, Pat	PF	Notre Dame
1998	1	20	McLeod, Roshown	SF	Duke
1998	1	21	Davis, Ricky	G/F	Iowa
1998	1	22	Skinner, Brian	F/C	Baylor
1998	1	23	Lue, Tyronn	PG	Nebraska
1998	1	24	López, Felipe	SG	St. John's
1998	1	25	Harrington, Al	F	St. Patrick's High School
1998	1	26	Jacobson, Sam	SG	Minnesota
1998	1	27	Stepania, Vladimir	C	Olimpija Ljubljana
1998	1	28	Benjamin, Corey	SG	Oregon State
1998	1	29	Mohammed, Nazr	C/F	Kentucky
1998	2	30	Sesay, Ansu	SF	Mississippi
1998	2	31	Patterson, Ruben	SF	Cincinnati
1998	2	32	Lewis, Rashard	PF	Alief Elsik HS
1998	2	33	McCoy, Jelani	F/C	UCLA
1998	2	34	Williams, Shammond	PG	North Carolina
1998	2	35	Šundov, Bruno	C	Split
1998	2	36	James, Jerome	C	Florida A&M
1998	2	37	Shaw, Casey	C	Toledo
1998	2	38	Johnson, DeMarco	PF	Charlotte
1998	2	39	Alston, Rafer	PG	Fresno State
1998	2	40	Young, Korleone	SF	Hargrave Military Academy
1998	2	41	Mobley, Cuttino	SG	Rhode Island
1998	2	42	Simon, Miles	SG	Arizona
1998	2	43	White, Jahidi	F/C	Georgetown
1998	2	44	Marks, Sean	PF	California
1998	2	45	Bailey, Toby	SG	UCLA
1998	2	46	Patterson, Andrae	SF	Indiana
1998	2	47	Wheeler, Tyson	PG	Rhode Island
1998	2	48	Stack, Ryan	C	South Carolina
1998	2	49	Carr, Cory	SG	Texas Tech
1998	2	50	Betts, Andrew	C	Long Beach State
1998	2	51	Brewer, Corey	PG	Oklahoma
1998	2	52	Dial, Derrick	SG	Eastern Michigan
1998	2	53	Buckner, Greg	SG	Clemson
1998	2	54	Fowlkes, Tremaine	SF	Fresno State
1998	2	55	Bowen, Ryan	SF	Iowa
1998	2	56	Henderson, J. R.	SF	UCLA
1998	2	57	Braggs, Torraye	PF	Xavier
1998	2	58	Baston, Maceo	PF	Michigan
1999	1	1	Brand, Elton	PF/C	Duke
1999	1	2	Francis, Steve	PG	Maryland
1999	1	3	Davis, Baron	PG	UCLA
1999	1	4	Odom, Lamar	PF/SF	Rhode Island
1999	1	5	Bender, Jonathan	PF	Picayune Memorial HS
1999	1	6	Szczerbiak, Wally	SG/SF	Miami (OH)
1999	1	7	Hamilton, Richard	SG/SF	Connecticut
1999	1	8	Miller, Andre	PG	Utah
1999	1	9	Marion, Shawn	SF/PF	UNLV
1999	1	10	Terry, Jason	SG/PG	Arizona
1999	1	11	Langdon, Trajan	SG	Duke
1999	1	12	Radojević, Aleksandar	C	Barton County CC
1999	1	13	Maggette, Corey	SF/SG	Duke
1999	1	14	Avery, William	PG	Duke
1999	1	15	Weis, Frédéric	C	Limoges
1999	1	16	Artest, Ron	SF	St. John's
1999	1	17	Bowdler, Cal	PF	Old Dominion
1999	1	18	Posey, James	SG/SF	Xavier
1999	1	19	Lewis, Quincy	SF	Minnesota
1999	1	20	Glover, Dion	SG	Georgia Tech
1999	1	21	Foster, Jeff	PF	Southwest Texas State
1999	1	22	Thomas, Kenny	PF	New Mexico
1999	1	23	George, Devean	SF	Augsburg
1999	1	24	Kirilenko, Andrei	SF	CSKA Moscow
1999	1	25	James, Tim	SF	Miami
1999	1	26	Cummings, Vonteego	PG	Pittsburgh
1999	1	27	Jones, Jumaine	SF	Georgia
1999	1	28	Padgett, Scott	PF	Kentucky
1999	1	29	Smith, Leon	PF	King College Prep HS
1999	2	30	Celestand, John	PG	Villanova
1999	2	31	Hill, Rico	F	Illinois State
1999	2	32	Ruffin, Michael	PF	Tulsa
1999	2	33	Herren, Chris	G	Fresno State
1999	2	34	Eschmeyer, Evan	C	Northwestern
1999	2	35	Booth, Calvin	C	Penn State
1999	2	36	Wang Zhizhi,	C	Bayi Rockets
1999	2	37	Ekezie, Obinna	C	Maryland
1999	2	38	Profit, Laron	SG/SF	Maryland
1999	2	39	Bramlett, A. J.	C	Arizona
1999	2	40	Giriček, Gordan	G/F	CSKA Moscow
1999	2	41	Elson, Francisco	C	California
1999	2	42	Bullock, Louis	G	Michigan
1999	2	43	Nailon, Lee	SF	TCU
1999	2	44	Washington, Tyrone	C	Mississippi State
1999	2	45	Robertson, Ryan	G	Kansas
1999	2	46	Koch, J. R.	F	Iowa
1999	2	47	Macculloch	C	Washington
1999	2	48	Young, Galen	G	Charlotte
1999	2	49	Ketner, Lari	C	UMass
1999	2	50	Hamilton, Venson	C	Nebraska
1999	2	51	Smith, Antwain	F	Saint Paul's
1999	2	52	Bergersen, Roberto	G	Boise State
1999	2	53	Buford, Rodney	SG	Creighton
1999	2	54	Levett, Melvin	SG	Cincinnati
1999	2	55	Clack, Kris	G	Texas
1999	2	56	Young, Tim	C	Stanford
1999	2	57	Ginóbili, Manu	SG	Viola Reggio Calabria
1999	2	58	Lucas, Eddie	G	Virginia Tech
2000	1	1	Martin, Kenyon	PF	Cincinnato (Sr.)
2000	1	2	Swift, Stromile	PF/C	LSU
2000	1	3	Miles, Darius	SF/PF	East St. Louis HS (Illinois)
2000	1	4	Fizer, Marcus	PF/SF	Iowa State
2000	1	5	Miller, Mike	SF/SG	Florida
2000	1	6	Johnson, DerMarr	SG/SF	Cincinnati
2000	1	7	Mihm, Chris	C/PF	Texas
2000	1	8	Crawford, Jamal	SG	Michigan
2000	1	9	Przybilla, Joel	C	Minnesota
2000	1	10	Dooling, Keyon	SG	Missouri
2000	1	11	Moiso	PF	UCLA
2000	1	12	Thomas, Etan	PF/C	Syracuse
2000	1	13	Alexander, Courtney	SG	Fresno State
2000	1	14	Cleaves, Mateen	PG	Michigan State
2000	1	15	Collier, Jason	C	Georgia Tech
2000	1	16	Turkoglu	SF/PF	Efes Pilsen
2000	1	17	Mason, Desmond	SF/SG	Oklahoma State
2000	1	18	Richardson, Quentin	SF/SG	DePaul
2000	1	19	Magloire, Jamaal	PF/C	Kentucky
2000	1	20	Claxton, Speedy	PG	Hofstra
2000	1	21	Peterson, Morris	SF/SG	Michigan State
2000	1	22	Harvey, Donnell	SF	Florida
2000	1	23	Stevenson, DeShawn	SG	Washington Union HS
2000	1	24	Bagarić, Dalibor	C	Benston Zagreb
2000	1	25	Tsakalidis, Iakovos "Jake"	C	AEK
2000	1	26	N'Diaye, Mamadou	C	Auburn
2000	1	27	Brezec, Primož	C	Union Olimpija
2000	1	28	Barkley, Erick	PG	St. John's
2000	1	29	Madsen, Mark	PF	Stanford
2000	2	30	Jarić, Marko	G	Paf Bologna
2000	2	31	Langhi, Dan	PF	Vanderbilt
2000	2	32	Guyton, A.J.	PG	Indiana
2000	2	33	Voskuhl, Jake	C	Connecticut
2000	2	34	El-Amin, Khalid	PG	Connecticut
2000	2	35	Smith, Mike	F	Louisiana-Monroe
2000	2	36	Samake, Soumaila	C	Cincinnati Stuff
2000	2	37	House, Eddie	SG	Arizona State
2000	2	38	Nájera, Eduardo	PF	Oklahoma
2000	2	39	Postell, Lavor	SG	St. John's
2000	2	40	Mottola	SF/PF	Utah
2000	2	41	Carrawell, Chris	SG	Duke
2000	2	42	Oyedeji, Olumide	PF	Würzburg
2000	2	43	Redd, Michael	SG	Ohio State
2000	2	44	Cardinal, Brian	PF	Purdue
2000	2	45	Smith, Jabari	C	LSU
2000	2	46	Hulett, DeeAndre	G	COS
2000	2	47	Sesar, Josip	G	Cibona Zagreb
2000	2	48	Karcher, Mark	PG	Temple
2000	2	49	Hart, Jason	PG	Syracuse
2000	2	50	Dickens, Kaniel	F	Idaho
2000	2	51	Rakočević, Igor	G	Red Star Belgrade
2000	2	52	Brown, Ernest	C	Indian Hills CC
2000	2	53	McClintock, Dan	C	Northern Arizona
2000	2	54	Hightower, Cory	G	Indian Hills CC
2000	2	55	Porter, Chris	F	Auburn
2000	2	56	Walls, Jaquay	G	Colorado
2000	2	57	Penn, Scoonie	G	Ohio State
2000	2	58	Mickeal, Pete	F	Cincinnati
2001	1	1	Brown, Kwame	C	Glynn Academy
2001	1	2	Chandler, Tyson	C	Dominguez HS
2001	1	3	Gasol, Pau	PF/C	FC Barcelona
2001	1	4	Curry, Eddy	C	Thornwood HS
2001	1	5	Richardson, Jason	SG	Michigan State
2001	1	6	Battier, Shane	SF	Duke
2001	1	7	Griffin, Eddie	PF	Seton Hall
2001	1	8	Diop, DeSagana	C	Oak Hill Academy
2001	1	9	White, Rodney	SF/PF	Charlotte
2001	1	10	Johnson, Joe	SG	Arkansas
2001	1	11	Brown, Kedrick	SF	Okaloosa-Walton CC
2001	1	12	Radmanović, Vladimir	PF	Red Star Belgrade
2001	1	13	Jefferson, Richard	SF	Arizona
2001	1	14	Murphy, Troy	PF	Notre Dame
2001	1	15	Hunter, Steven	C	DePaul
2001	1	16	Haston, Kirk	PF	Indiana
2001	1	17	Bradley, Michael	PF	Villanova
2001	1	18	Collins, Jason	C	Stanford
2001	1	19	Randolph, Zach	PF	Michigan State
2001	1	20	Haywood, Brendan	C	North Carolina
2001	1	21	Forte, Joseph	SG	North Carolina
2001	1	22	Sasser, Jeryl	SG	SMU
2001	1	23	Armstrong, Brandon	SG	Pepperdine
2001	1	24	López, Raúl	PG	Real Madrid
2001	1	25	Wallace, Gerald	SF	Alabama
2001	1	26	Dalembert, Samuel	C	Seton Hall
2001	1	27	Tinsley, Jamaal	PG	Iowa State
2001	1	28	Parker, Tony	PG	Paris Basket Racing
2001	1	29	Forfeited pick	None	None
2001	2	30	Hassell, Trenton	SG	Austin Peay
2001	2	31	Arenas, Gilbert	PG	Arizona
2001	2	32	Cook, Omar	PG	St. John's
2001	2	33	Solomon, Will	PG	Clemson
2001	2	34	Morris, Terence	SF	Maryland
2001	2	35	Scalabrine, Brian	PF	USC
2001	2	36	Trepagnier, Jeff	SG	USC
2001	2	37	Brown, Damone	SF	Syracuse
2001	2	38	Okur, Mehmet	C	Efes Pilsen
2001	2	39	Wright, Michael	PF	Arizona
2001	2	40	Watson, Earl	PG	UCLA
2001	2	41	Brewer, Jamison	PG	Auburn
2001	2	42	Simmons, Bobby	F/G	DePaul
2001	2	43	Chenowith, Eric	C	Kansas
2001	2	44	Hill, Kyle	PG	Eastern Illinois
2001	2	45	Lampley, Sean	SF	California
2001	2	46	Woods, Loren	C	Arizona
2001	2	47	Cisse, Ousmane	PF	St. Jude HS
2001	2	48	Fotsis, Antonis	SF	Panathinaikos
2001	2	49	Johnson, Ken	C	Ohio State
2001	2	50	Boumtje-Boumtje, Ruben	C	Georgetown
2001	2	51	Ford, Alton	PF	Houston
2001	2	52	Hutson, Andre	PF	Michigan State
2001	2	53	Collins, Jarron	F/C	Stanford
2001	2	54	Satterfield, Kenny	PG	Cincinnati
2001	2	55	Jeffers, Maurice	SG	Saint Louis
2001	2	56	Javtokas, Robertas	C	Lietuvos rytas Vilnius
2001	2	57	Jones, Alvin	C	Georgia Tech
2001	2	58	Bracey, Bryan	SF	Oregon
2002	1	1	Ming, Yao	C	Shanghai Sharks
2002	1	2	Williams, Jay	PG	Duke
2002	1	3	Dunleavy Jr., Mike	SF/SG	Duke
2002	1	4	Gooden, Drew	PF/C	Kansas
2002	1	5	Tskitishvili, Nikoloz	PF/C	Benetton Treviso
2002	1	6	Wagner, Dajuan	PG	Memphis
2002	1	7	, Nenê	C/PF	Vasco da Gama
2002	1	8	Wilcox, Chris	PF/C	Maryland
2002	1	9	Stoudemire, Amar'e	PF/C	Cypress Creek HS
2002	1	10	Butler, Caron	SF	Connecticut
2002	1	11	Jeffries, Jared	PF/C	Indiana
2002	1	12	Ely, Melvin	C/PF	Fresno State
2002	1	13	Haislip, Marcus	PF	Tennessee
2002	1	14	Jones, Fred	SG	Oregon
2002	1	15	Nachbar, Boštjan	SF/PF	Benetton Treviso
2002	1	16	Welsch, Jiří	SG/SF	Union Olimpija
2002	1	17	Dixon, Juan	PG	Maryland
2002	1	18	Borchardt, Curtis	C	Stanford
2002	1	19	Humphrey, Ryan	PF	Notre Dame
2002	1	20	Rush, Kareem	SG	Missouri
2002	1	21	Woods, Qyntel	SF	Northeast Mississippi CC
2002	1	22	Jacobsen, Casey	SG	Stanford
2002	1	23	Prince, Tayshaun	SF	Kentucky
2002	1	24	Krstić, Nenad	C/PF	Partizan Belgrade
2002	1	25	Williams, Frank	PG	Illinois
2002	1	26	Salmons, John	SF/SG	Miami
2002	1	27	Jefferies, Chris	SF	Fresno State
2002	1	28	Dickau, Dan	PG	Gonzaga
2002	1	29	Forfeited pick	None	None
2002	2	30	Logan, Steve	PG	Cincinnati
2002	2	31	Mason, Jr., Roger	SG	Virginia
2002	2	32	Archibald, Robert	PF	Illinois
2002	2	33	Yarbrough, Vincent	SF	Tennessee
2002	2	34	Gadzuric, Dan	C	UCLA
2002	2	35	Boozer, Carlos	PF	Duke
2002	2	36	Vujanić, Miloš	PG	Partizan Belgrade
2002	2	37	Andersen, David	C	Virtus Bologna
2002	2	38	Maddox, Tito	PG	Fresno State
2002	2	39	Grizzard, Rod	SG	Alabama
2002	2	40	Navarro, Juan Carlos	PG	FC Barcelona
2002	2	41	Kasun, Mario	C	Opel Skyliners
2002	2	42	Murray, Ronald	SG	Shaw
2002	2	43	Jennings, Jason	C	Arkansas State
2002	2	44	Baxter, Lonny	PF	Maryland
2002	2	45	Clancy, Sam	PF	USC
2002	2	46	Barnes, Matt	SF	UCLA
2002	2	47	Sampson, Jamal	C	California
2002	2	48	Owens, Chris	PF	Texas
2002	2	49	Fehse, Peter	PF	Halle
2002	2	50	Songaila, Darius	PF	Wake Forest
2002	2	51	Kammerichs, Federico	SF	Ourense
2002	2	52	Taylor, Marcus	PG	Michigan State
2002	2	53	Butler, Rasual	SF	La Salle
2002	2	54	Slay, Tamar	SG	Marshall
2002	2	55	Šekularac, Mladen	SG	FMP Železnik
2002	2	56	Scola, Luis	PF	TAU Cerámica
2002	2	57	Holcomb, Randy	PF	San Diego State
2002	2	58	Edwards, Corsley	PF	Central Connecticut
2003	1	1	, LeBron James	SF	St. Vincent–St. Mary HS
2003	1	2	Miličić, Darko	C	Hemofarm Vršac
2003	1	3	Anthony, Carmelo	SF	Syracuse
2003	1	4	Bosh, Chris	PF/C	Georgia Tech
2003	1	5	Wade, Dwyane	SG	Marquette
2003	1	6	Kaman, Chris	C	Central Michigan
2003	1	7	Hinrich, Kirk	PG	Kansas
2003	1	8	Ford, T. J.	PG	Texas
2003	1	9	Sweetney, Michael	PF	Georgetown
2003	1	10	Hayes, Jarvis	F/G	Georgia
2003	1	11	Piétrus, Mickaël	G/F	Pau-Orthez
2003	1	12	Collison, Nick	PF	Kansas
2003	1	13	Banks, Marcus	PG	UNLV
2003	1	14	Ridnour, Luke	PG	Oregon
2003	1	15	Gaines, Reece	F/G	Louisville
2003	1	16	Bell, Troy	PG	Boston College
2003	1	17	Čabarkapa, Žarko	SF	Budućnost Podgorica
2003	1	18	West, David	PF	Xavier
2003	1	19	Pavlović, Sasha	F/G	Budućnost Podgorica
2003	1	20	Jones, Dahntay	SG	Duke
2003	1	21	Diaw, Boris	PF	Pau-Orthez
2003	1	22	Planinić, Zoran	G/F	Cibona Zagreb
2003	1	23	Outlaw, Travis	SF	Starkville HS
2003	1	24	Cook, Brian	PF	Illinois
2003	1	25	Delfino, Carlos	SG	Skipper Bologna
2003	1	26	Ebi, Ndudi	SF	Westbury Christian HS
2003	1	27	Perkins, Kendrick	C	Ozen HS 
2003	1	28	Barbosa, Leandro	SG	Bauru Tilibra
2003	1	29	Howard, Josh	F/G	Wake Forest
2003	2	30	Lampe, Maciej	PF	Complutense University of Madrid
2003	2	31	Kapono, Jason	F/G	UCLA
2003	2	32	Walton, Luke	SF	Arizona
2003	2	33	Beasley, Jerome	PF	North Dakota
2003	2	34	Schortsanitis, Sofoklis	C	Iraklis BC
2003	2	35	Szewczyk, Szymon	PF	Braunschweig
2003	2	36	Austin, Mario	PF	Mississippi State
2003	2	37	Hansen, Travis	SG	BYU
2003	2	38	Blake, Steve	PG	Maryland
2003	2	39	Vraneš, Slavko	C	Budućnost Podgorica
2003	2	40	Zimmerman, Derrick	PG	Mississippi State
2003	2	41	Green, Willie	SG	Detroit
2003	2	42	Pachulia, Zaza	PF	Ülkerspor
2003	2	43	Bogans, Keith	SG	Kentucky
2003	2	44	Badiane, Malick	PF	Langen
2003	2	45	Bonner, Matt	F	Florida
2003	2	46	Bečirović, Sani	SG	Virtus Bologna
2003	2	47	Williams, Mo	PG	Alabama
2003	2	48	Lang, James	C	Central Park Christian HS 
2003	2	49	Jones, James	SF	Miami (Florida)
2003	2	50	Morlende, Paccelis	PG	Dijon
2003	2	51	Korver, Kyle	SG	Creighton
2003	2	52	van de Hare, Remon	C	FC Barcelona
2003	2	53	Smith, Tommy	PF	Arizona State
2003	2	54	Sinanović, Nedžad	C	Brotnjo
2003	2	55	Rickert, Rick	PF	Minnesota
2003	2	56	Hunter, Brandon	PF	Ohio
2003	2	57	Yuyang, Xue	C	Hong Kong Flying Dragons
2003	2	58	Glyniadakis, Andreas	C	AEK
2004	1	1	Howard, Dwight	C	Southwest Atlanta Christian Academy
2004	1	2	Okafor, Emeka	PF/C	Connecticut
2004	1	3	Gordon, Ben	SG	Connecticut
2004	1	4	Livingston, Shaun	PG	Peoria HS
2004	1	5	Harris, Devin	PG	Wisconsin
2004	1	6	Childress, Josh	G/F	Stanford
2004	1	7	Deng, Luol	SF	Duke
2004	1	8	Araújo, Rafael	C	BYU
2004	1	9	Iguodala, Andre	SF	Arizona
2004	1	10	Jackson, Luke	SF	Oregon
2004	1	11	Biedriņš, Andris	F/C	Skonto
2004	1	12	Swift, Robert	C	Bakersfield HS
2004	1	13	Telfair, Sebastian	PG	Lincoln HS
2004	1	14	Humphries, Kris	PF	Minnesota
2004	1	15	Jefferson, Al	PF/C	Prentiss HS 
2004	1	16	Snyder, Kirk	SG	Nevada
2004	1	17	Smith, Josh	SF	Oak Hill Academy
2004	1	18	Smith, J. R.	SG	St. Benedict's Prep
2004	1	19	Wright, Dorell	SF	South Kent School
2004	1	20	Nelson, Jameer	PG	Saint Joseph's
2004	1	21	Podkolzin, Pavel	C	Metis Varese
2004	1	22	Khryapa, Viktor	SF	CSKA Moscow
2004	1	23	Monia, Sergei	SG	CSKA Moscow
2004	1	24	West, Delonte	PG	Saint Joseph's
2004	1	25	Allen, Tony	SG	Oklahoma State
2004	1	26	Martin, Kevin	SG	Western Carolina
2004	1	27	Vujačić, Saša	SG	Snaidero Udine
2004	1	28	Udrih, Beno	PG	Breil Milano
2004	1	29	Harrison, David	C	Colorado
2004	1		Forfeited Pick	None	None
2004	2	30	Varejão, Anderson	C	FC Barcelona
2004	2	31	Vroman, Jackson	C	Iowa State
2004	2	32	Ramos, Peter John	C	Caguas
2004	2	33	Chalmers, Lionel	PG	Xavier
2004	2	34	Smith, Donta	SF	Southeastern Illinois
2004	2	35	Emmett, Andre	F/G	Texas Tech
2004	2	36	Burks, Antonio	PG	Memphis
2004	2	37	Ivey, Royal	PG	Texas
2004	2	38	Duhon, Chris	PG	Duke
2004	2	39	Miralles, Albert	PF	Roseto Basket
2004	2	40	Reed, Justin	SF	Mississippi
2004	2	41	Young, David	G	North Carolina Central
2004	2	42	Sanikidze, Viktor	SF	Dijon
2004	2	43	Ariza, Trevor	SF	UCLA
2004	2	44	Pickett, Tim	SG	Florida State
2004	2	45	Robinson, Bernard	SF	Michigan
2004	2	46	Seung-Jin, Ha	C	Yonsei University
2004	2	47	Sow, Pape	PF	Cal State Fullerton
2004	2	48	Minard, Ricky	SG	Morehead State
2004	2	49	Lishouk, Sergei	PF	Khimik Yuzhny
2004	2	50	Spanoulis, Vassilis	PG	Maroussi
2004	2	51	Drejer, Christian	SF	FC Barcelona
2004	2	52	Sato, Romain	SG	Xavier
2004	2	53	Freije, Matt	SF	Vanderbilt
2004	2	54	Paulding, Rickey	SG	Missouri
2004	2	55	Flores, Luis	PG	Manhattan
2004	2	56	Douthit, Marcus	PF	Providence
2004	2	57	Karaulov, Sergei	G	Skha Jakutia Yakutsk 
2004	2	58	Stepp, Blake	PG	Gonzaga
2004	2	59	Wright, Rashad	G	Georgia
2005	1	1	Bogut, Andrew	C	Utah
2005	1	2	Williams, Marvin	F	North Carolina
2005	1	3	Williams, Deron	PG	Illinois
2005	1	4	Paul, Chris	PG	Wake Forest
2005	1	5	Felton, Raymond	G	North Carolina
2005	1	6	Webster, Martell	G/F	Seattle Prep. School
2005	1	7	Villanueva, Charlie	F	Connecticut
2005	1	8	Frye, Channing	C	Arizona
2005	1	9	Diogu, Ike	F	Arizona State
2005	1	10	Bynum, Andrew	C	St. Joseph HS
2005	1	11	Vázquez, Fran	F/C	Unicaja Málaga
2005	1	12	Korolev, Yaroslav	F	CSKA Moscow
2005	1	13	May, Sean	F	North Carolina
2005	1	14	McCants, Rashad	G	North Carolina
2005	1	15	Wright, Antoine	G/F	Texas A&M
2005	1	16	Graham, Joey	F	Oklahoma State
2005	1	17	Granger, Danny	SF	New Mexico
2005	1	18	Green, Gerald	G/F	Gulf Shores Academy
2005	1	19	Warrick, Hakim	F	Syracuse
2005	1	20	Hodge, Julius	G	NC State
2005	1	21	Robinson, Nate	G	Washington
2005	1	22	Jack, Jarrett	G	Georgia Tech
2005	1	23	García, Francisco	G/F	Louisville
2005	1	24	Head, Luther	G	Illinois
2005	1	25	Petro, Johan	C	Pau-Orthez
2005	1	26	Maxiell, Jason	F	Cincinnati
2005	1	27	Kleiza, Linas	F	Missouri
2005	1	28	Mahinmi, Ian	F/C	Le Havre
2005	1	29	Simien, Wayne	F	Kansas
2005	1	30	Lee, David	PF	Florida
2005	2	31	Stoudamire, Salim	G	Arizona
2005	2	32	Ewing, Daniel	G	Duke
2005	2	33	Bass, Brandon	F	LSU
2005	2	34	Miles, C. J.	G	Skyline HS
2005	2	35	Sánchez, Ricky	F	IMG Academy
2005	2	36	İlyasova, Ersan	F	Ülkerspor
2005	2	37	Turiaf, Ronny	F	Gonzaga
2005	2	38	Diener, Travis	G	Marquette
2005	2	39	Wafer, Von	G	Florida State
2005	2	40	Ellis, Monta	SG	Lanier HS
2005	2	41	Ukić, Roko	G	KK Split
2005	2	42	Taft, Chris	F	Pittsburgh
2005	2	43	Ilić, Mile	C	KK Reflex
2005	2	44	Andriuškevičius, Martynas	C	Žalgiris Kaunas
2005	2	45	Williams, Louis	SG	South Gwinnett HS
2005	2	46	Lorbek, Erazem	F	Climamio Bologna
2005	2	47	Wright, Bracey	G	Indiana
2005	2	48	Gelabale, Mickaël	F	Real Madrid
2005	2	49	Blatche, Andray	F	South Kent School
2005	2	50	Gomes, Ryan	F	Providence
2005	2	51	Whaley, Robert	C	Walsh
2005	2	52	Hervelle, Axel	F	Real Madrid
2005	2	53	Greene, Orien	G	Louisiana-Lafayette
2005	2	54	Thompson, Dijon	G/F	UCLA
2005	2	55	Roberts, Lawrence	F	Mississippi State
2005	2	56	Johnson, Amir	F	Westchester HS
2005	2	57	Gortat, Marcin	F/C	RheinEnergie Köln
2005	2	58	Slokar, Uroš	F	Snaidero Udine
2005	2	59	Akyol, Cenk	G	Efes Pilsen
2005	2	60	Acker, Alex	G	Pepperdine
2006	1	1	Bargnani, Andrea	PF	Benetton Treviso
2006	1	2	Aldridge, LaMarcus	PF	Texas
2006	1	3	Morrison, Adam	SF	Gonzaga
2006	1	4	Thomas, Tyrus	PF	LSU
2006	1	5	Williams, Shelden	PF	Duke
2006	1	6	Roy, Brandon	SG	Washington
2006	1	7	Foye, Randy	SG	Villanova
2006	1	8	Gay, Rudy	SF	Connecticut
2006	1	9	O'Bryant, Patrick	C	Bradley
2006	1	10	Sene, Mouhamed	C	Verviers-Pepinster
2006	1	11	Redick, J. J.	SG	Duke
2006	1	12	Armstrong, Hilton	C	Connecticut
2006	1	13	Sefolosha, Thabo	SG	Angelico Biella
2006	1	14	Brewer, Ronnie	SG	Arkansas
2006	1	15	Simmons, Cedric	SF	NC State
2006	1	16	Carney, Rodney	SF	Memphis
2006	1	17	Williams, Shawne	PF	Memphis
2006	1	18	Pecherov, Oleksiy	C	BC Kyiv
2006	1	19	Douby, Quincy	G	Rutgers
2006	1	20	Balkman, Renaldo	F	South Carolina
2006	1	21	Rondo, Rajon	PG	Kentucky
2006	1	22	Williams, Marcus	G	Connecticut
2006	1	23	Boone, Josh	F	Connecticut
2006	1	24	Lowry, Kyle	PG	Villanova
2006	1	25	Brown, Shannon	G	Michigan State
2006	1	26	Farmar, Jordan	G	UCLA
2006	1	27	Rodríguez, Sergio	G	Adecco Estudiantes
2006	1	28	Ager, Maurice	G	Michigan State
2006	1	29	Collins, Mardy	G	Temple
2006	1	30	Freeland, Joel	F	Gran Canaria
2006	2	31	White, James	G	Cincinnati
2006	2	32	Novak, Steve	SF	Marquette
2006	2	33	Jones, Solomon	F	South Florida
2006	2	34	Davis, Paul	C	Michigan State
2006	2	35	Tucker, P.J.	F	Texas
2006	2	36	Smith, Craig	F	Boston College
2006	2	37	Jones, Bobby	F	Washington
2006	2	38	Perović, Kosta	C	Partizan Belgrade
2006	2	39	Noel, David	F	North Carolina
2006	2	40	Brown, Denham	G	Connecticut
2006	2	41	Augustine, James	F	Illinois
2006	2	42	Gibson, Daniel	G	Texas
2006	2	43	Vinicius, Marcus	F	Objetivo São Carlos
2006	2	44	Eliyahu, Lior	F	Hapoel Galil Elyon
2006	2	45	Johnson, Alexander	F	Florida State
2006	2	46	Brown, Dee	G	Illinois
2006	2	47	Millsap, Paul	PF	Louisiana Tech
2006	2	48	Veremeenko, Vladimir	F	Dynamo St. Petersburg
2006	2	49	Powe, Leon	F	California
2006	2	50	Hollins, Ryan	C	UCLA
2006	2	51	Samb, Cheikh	C	WTC Cornellà
2006	2	52	Diaz, Guillermo	G	Miami (FL)
2006	2	53	Halperin, Yotam	G	Union Olimpija
2006	2	54	Adams, Hassan	G	Arizona
2006	2	55	Ugboaja, Ejike	F	Union Bank Lagos
2006	2	56	Bavčić, Edin	F	ASA BH Telecom
2006	2	57	Mavrokefalidis, Loukas	C	PAOK
2006	2	58	Pinnock, J. R.	G	George Washington
2006	2	59	Markota, Damir	F	Cibona Zagreb
2006	2	60	Blalock, Will	G	Iowa State
2007	1	1	Oden, Greg	C	Ohio State
2007	1	2	Durant, Kevin	SF	Texas
2007	1	3	Horford, Al	C	Florida
2007	1	4	Conley, Mike	PG	Ohio State
2007	1	5	Green, Jeff	SF	Georgetown
2007	1	6	Yi, Jianlian	PF	Guangdong Southern Tigers
2007	1	7	Brewer, Corey	SF	Florida
2007	1	8	Wright, Brandan	PF	North Carolina
2007	1	9	Noah, Joakim	C	Florida
2007	1	10	Hawes, Spencer	C	Washington
2007	1	11	Law, Acie	PG	Texas A&M
2007	1	12	Young, Thaddeus	PF	Georgia Tech
2007	1	13	Wright, Julian	SF	Kansas
2007	1	14	Thornton, Al	SF	Florida State
2007	1	15	Stuckey, Rodney	SG	Eastern Washington
2007	1	16	Young, Nick	SG	USC
2007	1	17	Williams, Sean	PF	Boston College
2007	1	18	Belinelli, Marco	SG	Fortitudo Bologna
2007	1	19	Crittenton, Javaris	PG	Georgia Tech
2007	1	20	Smith, Jason	PF	Colorado State
2007	1	21	Cook, Daequan	SG	Ohio State
2007	1	22	Dudley, Jared	SF	Boston College
2007	1	23	Chandler, Wilson	SF	DePaul
2007	1	24	Fernández, Rudy	SG	Joventut Badalona
2007	1	25	Almond, Morris	SG	Rice
2007	1	26	Brooks, Aaron	PG	Oregon
2007	1	27	Afflalo, Arron	SG	UCLA
2007	1	28	Splitter, Tiago	C	TAU Cerámica
2007	1	29	Tucker, Alando	SF	Wisconsin
2007	1	30	Koponen, Petteri	SG	Tapiolan Honka
2007	2	31	Landry, Carl	PF	Purdue
2007	2	32	Pruitt, Gabe	PG	USC
2007	2	33	Williams, Marcus	SF	Arizona
2007	2	34	Fazekas, Nick	PF	Nevada
2007	2	35	Davis, Glen	PF	LSU
2007	2	36	Davidson, Jermareo	PF	Alabama
2007	2	37	McRoberts, Josh	PF	Duke
2007	2	38	Fesenko, Kyrylo	C	SK Cherkassy
2007	2	39	Barać, Stanko	C	Široki Brijeg
2007	2	40	Sun, Yue	SF	Beijing Olympians
2007	2	41	Richard, Chris	PF	Florida
2007	2	42	Byars, Derrick	SG	Vanderbilt
2007	2	43	Haluska, Adam	SG	Iowa
2007	2	44	Terry, Reyshawn	SF	North Carolina
2007	2	45	Jordan, Jared	PG	Marist
2007	2	46	Lasme, Stephane	PF	Massachusetts
2007	2	47	McGuire, Dominic	SF	Fresno State
2007	2	48	Gasol, Marc	C	Akasvayu Girona
2007	2	49	Gray, Aaron	C	Pittsburgh
2007	2	50	Seibutis, Renaldas	SG	Maroussi
2007	2	51	Curry, JamesOn	PG	Oklahoma State
2007	2	52	Green, Taurean	PG	Florida
2007	2	53	Nichols, Demetris	SF	Syracuse
2007	2	54	Newley, Brad	SF	Townsville Crocodiles
2007	2	55	Hill, Herbert	PF	Providence
2007	2	56	Sessions, Ramon	PG	Nevada
2007	2	57	Mejia, Sammy	SG	DePaul
2007	2	58	Printezis, Giorgos	PF	Olympia Larissa
2007	2	59	Strawberry, D.J.	PG	Maryland
2007	2	60	Raković, Milovan	C	Mega Ishrana
2008	1	1	Rose, Derrick	PG	Memphis
2008	1	2	Beasley, Michael	PF	Kansas State
2008	1	3	Mayo, O. J.	SG	USC
2008	1	4	Westbrook, Russell	PG	UCLA
2008	1	5	Love, Kevin	PF	UCLA
2008	1	6	Gallinari, Danilo	SF	Olimpia Milano
2008	1	7	Gordon, Eric	SG	Indiana
2008	1	8	Alexander, Joe	SF	West Virginia
2008	1	9	Augustin, D. J.	PG	Texas
2008	1	10	Lopez, Brook	C	Stanford
2008	1	11	Bayless, Jerryd	PG	Arizona
2008	1	12	Thompson, Jason	PF	Rider
2008	1	13	Rush, Brandon	SG	Kansas
2008	1	14	Randolph, Anthony	PF	LSU
2008	1	15	Lopez, Robin	C	Stanford
2008	1	16	Speights, Marreese	PF	Florida
2008	1	17	Hibbert, Roy	C	Georgetown
2008	1	18	McGee, Javale	C	Nevada
2008	1	19	Hickson, J. J.	PF	NC State
2008	1	20	Ajinça, Alexis	C	Hyères-Toulon
2008	1	21	Anderson, Ryan	PF	California
2008	1	22	Lee, Courtney	SG	Western Kentucky
2008	1	23	Koufos, Kosta	C	Ohio State
2008	1	24	Ibaka, Serge	PF	L'Hospitalet
2008	1	25	Batum, Nicolas	SF	Le Mans
2008	1	26	Hill, George	PG	IUPUI
2008	1	27	Arthur, Darrell	PF	Kansas
2008	1	28	Greene, Donté	SF	Syracuse
2008	1	29	White, D. J.	PF	Indiana
2008	1	30	Giddens, J. R.	SG	New Mexico
2008	2	31	Peković, Nikola	C	Panathinaikos
2008	2	32	Sharpe, Walter	PF	UAB
2008	2	33	Dorsey, Joey	PF	Memphis
2008	2	34	Chalmers, Mario	PG	Kansas
2008	2	35	Jordan, DeAndre	C	Texas A&M
2008	2	36	Aşık, Ömer	C	Fenerbahçe Ülker
2008	2	37	Mbah a Moute, Luc	SF	UCLA
2008	2	38	Weaver, Kyle	SG	Washington State
2008	2	39	Weems, Sonny	SG	Arkansas
2008	2	40	Douglas-Roberts, Chris	SG	Memphis
2008	2	41	Jawai, Nathan	PF	Cairns Taipans
2008	2	42	Singletary, Sean	PG	Virginia
2008	2	43	Ewing, Jr., Patrick	SF	Georgetown
2008	2	44	Tomić, Ante	C	KK Zagreb
2008	2	45	Dragić, Goran	PG	Union Olimpija
2008	2	46	Plaisted, Trent	PF	BYU
2008	2	47	Walker, Bill	SG	Kansas State
2008	2	48	Hairston, Malik	SG	Oregon
2008	2	49	Hendrix, Richard	PF	Alabama
2008	2	50	Hardin, DeVon	C	California
2008	2	51	Foster, Shan	SG	Vanderbilt
2008	2	52	Jackson, Darnell	PF	Kansas
2008	2	53	Dragićević, Tadija	PF	Red Star Belgrade
2008	2	54	Leunen, Maarty	PF	Oregon
2008	2	55	Taylor, Mike	PG	Idaho Stampede
2008	2	56	Kaun, Sasha	C	Kansas
2008	2	57	Gist, James	PF	Maryland
2008	2	58	Crawford, Joe	SG	Kentucky
2008	2	59	Washington, Deron	SF	Virginia Tech
2008	2	60	Erden, Semih	C	Fenerbahçe Ülker
2009	1	1	Griffin, Blake	PF	Oklahoma
2009	1	2	Thabeet, Hasheem	C	Connecticut
2009	1	3	Harden, James	SG	Arizona State
2009	1	4	Evans, Tyreke	SG	Memphis
2009	1	5	Rubio, Ricky	PG	DKV Joventut
2009	1	6	Flynn, Jonny	PG	Syracuse
2009	1	7	Curry, Stephen	PG	Davidson
2009	1	8	Hill, Jordan	PF	Arizona
2009	1	9	DeRozan, DeMar	SG	USC
2009	1	10	Jennings, Brandon	PG	Lottomatica Roma
2009	1	11	Williams, Terrence	SG	Louisville
2009	1	12	Henderson, Gerald	SG	Duke
2009	1	13	Hansbrough, Tyler	PF	North Carolina
2009	1	14	Clark, Earl	SF	Louisville
2009	1	15	Daye, Austin	SF	Gonzaga
2009	1	16	Johnson, James	SF	Wake Forest
2009	1	17	Holiday, Jrue	PG	UCLA
2009	1	18	Lawson, Ty	PG	North Carolina
2009	1	19	Teague, Jeff	PG	Wake Forest
2009	1	20	Maynor, Eric	PG	VCU
2009	1	21	Collison, Darren	PG	UCLA
2009	1	22	Claver, Víctor	SF	Pamesa Valencia
2009	1	23	Casspi, Omri	SF	Maccabi Tel Aviv
2009	1	24	Mullens, Byron	C	Ohio State
2009	1	25	Beaubois, Rodrigue	PG	Cholet
2009	1	26	Gibson, Taj	PF	USC
2009	1	27	Carroll, DeMarre	SF	Missouri
2009	1	28	Ellington, Wayne	SG	North Carolina
2009	1	29	Douglas, Toney	PG	Florida State
2009	1	30	Eyenga, Christian	SF	CB Prat
2009	2	31	Pendergraph, Jeff	PF	Arizona State
2009	2	32	Taylor, Jermaine	SG	Central Florida
2009	2	33	Cunningham, Dante	PF	Villanova
2009	2	34	Llull, Sergio	PG	Real Madrid
2009	2	35	Summers, DaJuan	PF	Georgetown
2009	2	36	Young, Sam	SF	Pittsburgh
2009	2	37	Blair, DeJuan	PF	Pittsburgh
2009	2	38	Brockman, Jon	PF	Washington
2009	2	39	Jerebko, Jonas	PF	Angelico Biella
2009	2	40	Brown, Derrick	SF	Xavier
2009	2	41	Meeks, Jodie	SG	Kentucky
2009	2	42	Beverley, Patrick	PG	Arkansas
2009	2	43	Thornton, Marcus	SG	LSU
2009	2	44	Budinger, Chase	SF	Arizona
2009	2	45	Calathes, Nick	PG	Florida
2009	2	46	Green, Danny	SF	North Carolina
2009	2	47	Norel, Henk	PF	DKV Joventut
2009	2	48	Griffin, Taylor	SF	Oklahoma
2009	2	49	Gladyr, Sergiy	SG	MBC Mykolaiv
2009	2	50	Suton, Goran	C	Michigan State
2009	2	51	McClinton, Jack	SG	Miami (FL)
2009	2	52	Price, A. J.	PG	Connecticut
2009	2	53	de Colo, Nando	PG	Cholet
2009	2	54	Vaden, Robert	SG	UAB
2009	2	55	Mills, Patty	PG	Saint Mary's
2009	2	56	Nivins, Ahmad	PF	Saint Joseph's
2009	2	57	Preldžič, Emir	PF	Fenerbahçe Ülker
2009	2	58	Hudson, Lester	PG	Tennessee-Martin
2009	2	59	Elonu, Chinemelu	PF	Texas A&M
2009	2	60	Dozier, Robert	SF	Memphis
2010	1	1	Wall, John	PG	Kentucky
2010	1	2	Turner, Evan	SF/SG	Ohio State
2010	1	3	Favors, Derrick	PF	Georgia Tech
2010	1	4	Johnson, Wesley	SF	Syracuse
2010	1	5	Cousins, DeMarcus	C	Kentucky
2010	1	6	Udoh, Ekpe	C	Baylor
2010	1	7	Monroe, Greg	PF	Georgetown
2010	1	8	Aminu, Al-Farouq	SF	Wake Forest
2010	1	9	Hayward, Gordon	SF	Butler
2010	1	10	George, Paul	SF	Fresno State
2010	1	11	Aldrich, Cole	C	Kansas
2010	1	12	Henry, Xavier	SG	Kansas
2010	1	13	Davis, Ed	PF	North Carolina
2010	1	14	Patterson, Patrick	PF	Kentucky
2010	1	15	Sanders, Larry	C	VCU
2010	1	16	Babbitt, Luke	SF	Nevada
2010	1	17	Séraphin, Kévin	PF	Cholet Basket
2010	1	18	Bledsoe, Eric	PG	Kentucky
2010	1	19	Bradley, Avery	SG	Texas
2010	1	20	Anderson, James	SG	Oklahoma State
2010	1	21	Brackins, Craig	PF	Iowa State
2010	1	22	Williams, Elliot	SG	Memphis
2010	1	23	Booker, Trevor	PF	Clemson
2010	1	24	James, Damion	SF	Texas
2010	1	25	Jones, Dominique	SG	USF
2010	1	26	Pondexter, Quincy	SF	Washington
2010	1	27	Crawford, Jordan	SG	Xavier
2010	1	28	Vásquez, Greivis	PG	Maryland
2010	1	29	Orton, Daniel	C	Kentucky
2010	1	30	Hayward, Lazar	SF	Marquette
2010	2	31	Pleiß, Tibor	C	Brose Bamberg
2010	2	32	Pittman, Dexter	C	Texas
2010	2	33	Whiteside, Hassan	C	Marshall
2010	2	34	Johnson, Armon	PG	Nevada
2010	2	35	Bjelica, Nemanja	SF	Red Star Belgrade
2010	2	36	White, Terrico	SG	Ole Miss
2010	2	37	Hobson, Darington	SF	New Mexico
2010	2	38	Rautins, Andy	SG	Syracuse
2010	2	39	Fields, Landry	SG	Stanford
2010	2	40	Stephenson, Lance	SG	Cincinnati
2010	2	41	Varnado, Jarvis	PF	Mississippi State
2010	2	42	Butler, Da'Sean	SF	West Virginia
2010	2	43	Ebanks, Devin	SF	West Virginia
2010	2	44	Jordan, Jerome	C	Tulsa
2010	2	45	Prestes, Paulão	C	CB Murcia
2010	2	46	Lawal, Gani	PF	Georgia Tech
2010	2	47	Gallon, Tiny	PF	Oklahoma
2010	2	48	Williams, Latavious	SF	Tulsa 66ers
2010	2	49	Richards, Ryan	PF	CB Gran Canaria
2010	2	50	Alabi, Solomon	C	Florida State
2010	2	51	Rolle, Magnum	PF	Louisiana Tech
2010	2	52	Harangody, Luke	PF	Notre Dame
2010	2	53	Sy, Pape	SF	STB Le Havre
2010	2	54	Warren, Willie	PG	Oklahoma
2010	2	55	Evans, Jeremy	PF	WKU
2010	2	56	Ndiaye, Hamady	C	Rutgers
2010	2	57	Reid, Ryan	PF	Florida State
2010	2	58	Caracter, Derrick	PF	UTEP
2010	2	59	Robinson, Stanley	SF	Connecticut
2010	2	60	Collins, Dwayne	PF	Miami
2011	1	1	Irving, Kyrie	PG	Duke
2011	1	2	Williams, Derrick	SF/PF	Arizona
2011	1	3	Kanter, Enes	C	Kentucky
2011	1	4	Thompson, Tristan	C/PF	Texas
2011	1	5	Valančiūnas, Jonas	C	Lietuvos rytas Vilnius
2011	1	6	Veselý, Jan	PF	Partizan Belgrade
2011	1	7	Biyombo, Bismack	C	Fuenlabrada
2011	1	8	Knight, Brandon	PG	Kentucky
2011	1	9	Walker, Kemba	PG	Connecticut
2011	1	10	Fredette, Jimmer	PG/SG	BYU
2011	1	11	Thompson, Klay	SG	Washington State
2011	1	12	Burks, Alec	SG	Colorado
2011	1	13	Morris, Markieff	PF	Kansas
2011	1	14	Morris, Marcus	PF/SF	Kansas
2011	1	15	Leonard, Kawhi	SF	San Diego State
2011	1	16	Vučević, Nikola	C	USC
2011	1	17	Shumpert, Iman	SG	Georgia Tech
2011	1	18	Singleton, Chris	SF	Florida State
2011	1	19	Harris, Tobias	SF	Tennessee
2011	1	20	Motiejūnas, Donatas	PF	Benetton Treviso
2011	1	21	Smith, Nolan	PG	Duke
2011	1	22	Faried, Kenneth	PF	Morehead State
2011	1	23	Mirotić, Nikola	PF	Real Madrid
2011	1	24	Jackson, Reggie	PG	Boston College
2011	1	25	Brooks, MarShon	SG	Providence
2011	1	26	Hamilton, Jordan	SG	Texas
2011	1	27	Johnson, JaJuan	PF	Purdue
2011	1	28	Cole, Norris	PG	Cleveland State
2011	1	29	Joseph, Cory	PG	Texas
2011	1	30	Butler, Jimmy	SG	Marquette
2011	2	31	Bogdanović, Bojan	SF/SG	Cibona Zagreb
2011	2	32	Harper, Justin	PF	Richmond
2011	2	33	Singler, Kyle	SF	Duke
2011	2	34	Mack, Shelvin	PG	Butler
2011	2	35	Honeycutt, Tyler	SF	UCLA
2011	2	36	Williams, Jordan	PF	Maryland
2011	2	37	Thompkins, Trey	PF	Georgia
2011	2	38	Parsons, Chandler	SF	Florida
2011	2	39	Tyler, Jeremy	PF	Tokyo Apache
2011	2	40	Leuer, Jon	PF	Wisconsin
2011	2	41	Morris, Darius	PG	Michigan
2011	2	42	Bertāns, Dāvis	SF	Union Olimpija
2011	2	43	Lee, Malcolm	SG	UCLA
2011	2	44	Jenkins, Charles	PG	Hofstra
2011	2	45	Harrellson, Josh	C	Kentucky
2011	2	46	Goudelock, Andrew	PG	College of Charleston
2011	2	47	Leslie, Travis	SG	Georgia
2011	2	48	Benson, Keith	C	Oakland
2011	2	49	Selby, Josh	PG	Kansas
2011	2	50	Allen, Lavoy	PF	Temple
2011	2	51	Diebler, Jon	SG	Ohio State
2011	2	52	Macklin, Vernon	PF	Florida
2011	2	53	Liggins, DeAndre	SG	Kentucky
2011	2	54	Macvan, Milan	PF	Maccabi Tel Aviv
2011	2	55	Moore, Etwaun	SG	Purdue
2011	2	56	Maduabum, Chukwudiebere	PF	Bakersfield Jam
2011	2	57	Ngombo, Tanguy	SF	Al Rayyan
2011	2	58	Majok, Ater	PF	Gold Coast Blaze
2011	2	59	Hanga, Ádám	SG	Albacomp
2011	2	60	Thomas, Isaiah	PG	Washington
2012	1	1	Davis, Anthony	PF/C	Kentucky
2012	1	2	Kidd-Gilchrist, Michael	SF	Kentucky
2012	1	3	Beal, Bradley	SG	Florida
2012	1	4	Waiters, Dion	SG	Syracuse
2012	1	5	Robinson, Thomas	PF	Kansas
2012	1	6	Lillard, Damian	PG	Weber St.
2012	1	7	Barnes, Harrison	SF	North Carolina
2012	1	8	Ross, Terrence	SG	Washington
2012	1	9	Drummond, Andre	C	Connecticut
2012	1	10	Rivers, Austin	SG	Duke
2012	1	11	Leonard, Meyers	C	Illinois
2012	1	12	Lamb, Jeremy	SG	Connecticut
2012	1	13	Marshall, Kendall	PG	North Carolina
2012	1	14	Henson, John	PF	North Carolina
2012	1	15	Harkless, Maurice	SF	St. John's
2012	1	16	White, Royce	PF	Iowa St.
2012	1	17	Zeller, Tyler	C	North Carolina
2012	1	18	Jones, Terrence	PF	Kentucky
2012	1	19	Nicholson, Andrew	PF	St. Bonaventure
2012	1	20	Fournier, Evan	SG	Poitiers Basket
2012	1	21	Sullinger, Jared	PF	Ohio St.
2012	1	22	Melo, Fab	C	Syracuse
2012	1	23	Jenkins, John	SG	Vanderbilt
2012	1	24	Cunningham, Jared	SG	Oregon St.
2012	1	25	Wroten, Tony	PG	Washington
2012	1	26	Plumlee, Miles	C	Duke
2012	1	27	Moultrie, Arnett	PF	Mississippi St.
2012	1	28	Jones III, Perry	SF	Baylor
2012	1	29	Teague, Marquis	PG	Kentucky
2012	1	30	Ezeli, Festus	C	Vanderbilt
2012	2	31	Taylor, Jeffery	SF	Vanderbilt
2012	2	32	Satoranský, Tomáš	SG	Banca Cívica Sevilla
2012	2	33	James, Bernard	C	Florida St.
2012	2	34	Crowder, Jae	SF	Marquette
2012	2	35	Green, Draymond	PF	Michigan St.
2012	2	36	Johnson, Orlando	SG	UC Santa Barbara
2012	2	37	Acy, Quincy	PF	Baylor
2012	2	38	Miller, Quincy	SF	Baylor
2012	2	39	Middleton, Khris	SF	Texas A&M
2012	2	40	Barton, Will	SG	Memphis
2012	2	41	Taylor, Tyshawn	PG	Kansas
2012	2	42	Lamb, Doron	SG	Kentucky
2012	2	43	Scott, Mike	PF	Virginia
2012	2	44	English, Kim	SG	Missouri
2012	2	45	Hamilton, Justin	C	LSU
2012	2	46	Miller, Darius	SF	Kentucky
2012	2	47	Murphy, Kevin	SG	Tennessee Tech
2012	2	48	Papanikolaou, Kostas	SF	Olympiacos
2012	2	49	O'Quinn, Kyle	PF	Norfolk St.
2012	2	50	Turkyilmaz, Izzet	PF	Banvit
2012	2	51	Joseph, Kris	SF	Syracuse
2012	2	52	Kuzmić, Ognjen	C	Clinicas Rincón
2012	2	53	Aldemir, Furkan	PF	Galatasaray
2012	2	54	Shengelia, Tornike	SF	Spirou Charleroi
2012	2	55	Johnson-Odom, Darius	SG	Marquette
2012	2	56	Zubčić, Tomislav	PF	Cibona Zagreb
2012	2	57	Karaman, İlkan	PF	Pınar Karşıyaka
2012	2	58	Hummel, Robbie	SF	Purdue
2012	2	59	Denmon, Marcus	PG	Missouri
2012	2	60	Sacre, Robert	C	Gonzaga
2013	1	1	Bennett, Anthony	PF/SF	UNLV
2013	1	2	Oladipo, Victor	SG/PG	Indiana
2013	1	3	Porter, Otto	SF	Georgetown
2013	1	4	Zeller, Cody	C/PF	Indiana
2013	1	5	Len, Alex	C	Maryland
2013	1	6	Noel, Nerlens	C	Kentucky
2013	1	7	McLemore, Ben	SG	Kansas
2013	1	8	Caldwell-Pope, Kentavious	SG	Georgia
2013	1	9	Burke, Trey	PG	Michigan
2013	1	10	McCollum, C. J.	SG	Lehigh
2013	1	11	Carter-Williams, Michael	PG	Syracuse
2013	1	12	Adams, Steven	C	Pittsburgh
2013	1	13	Olynyk, Kelly	C	Gonzaga
2013	1	14	Muhammad, Shabazz	SG/SF	UCLA
2013	1	15	Antetokounmpo, Giannis	SF/PF	Filathlitikos
2013	1	16	Nogueira, Lucas	C	Estudiantes
2013	1	17	Schröder, Dennis	PG	Phantoms Braunschweig
2013	1	18	Larkin, Shane	PG	Miami (FL)
2013	1	19	Karasev, Sergey	SG/SF	Triumph Lyubertsy
2013	1	20	Snell, Tony	SF	New Mexico
2013	1	21	Dieng, Gorgui	C	Louisville
2013	1	22	Plumlee, Mason	C	Duke
2013	1	23	Hill, Solomon	SF	Arizona
2013	1	24	Hardaway Jr., Tim	SG	Michigan
2013	1	25	Bullock, Reggie	SF	North Carolina
2013	1	26	Roberson, André	SG/SF	Colorado
2013	1	27	Gobert, Rudy	C	Cholet Basket
2013	1	28	Jean-Charles, Livio	SF	ASVEL Basket
2013	1	29	Goodwin, Archie	SG	Kentucky
2013	1	30	Nedović, Nemanja	PG	Lietuvos Rytas
2013	2	31	Crabbe, Allen	SG	California
2013	2	32	Abrines, Álex	SG/SF	FC Barcelona
2013	2	33	Felix, Carrick	SG	Arizona State
2013	2	34	Canaan, Isaiah	PG	Murray State
2013	2	35	Rice Jr., Glen	SG	Rio Grande Valley Vipers
2013	2	36	McCallum Jr., Ray	PG	Detroit
2013	2	37	Mitchell, Tony	PF	North Texas
2013	2	38	Wolters, Nate	PG	South Dakota State
2013	2	39	Withey, Jeff	C	Kansas
2013	2	40	Jerrett, Grant	PF	Arizona
2013	2	41	Franklin, Jamaal	SG	San Diego State
2013	2	42	Jackson, Pierre	PG	Baylor
2013	2	43	Ledo, Ricky	SG	Providence
2013	2	44	Muscala, Mike	C	Bucknell
2013	2	45	Todorović, Marko	PF/C	FC Barcelona
2013	2	46	Green, Erick	PG	Virginia Tech
2013	2	47	Neto, Raul	PG	Gipuzkoa Basket
2013	2	48	Kelly, Ryan	PF	Duke
2013	2	49	Murphy, Erik	PF	Florida
2013	2	50	Ennis, James	SF	Long Beach State
2013	2	51	Osby, Romero	PF	Oklahoma
2013	2	52	Brown, Lorenzo	PG	NC State
2013	2	53	Iverson, Colton	C	Colorado State
2013	2	54	Kazemi, Arsalan	PF	Oregon
2013	2	55	Lauvergne, Joffrey	C	Partizan Belgrade
2013	2	56	Siva, Peyton	PG	Louisville
2013	2	57	Oriakhi, Alex	C	Missouri
2013	2	58	Thomas, Deshaun	SF	Ohio State
2013	2	59	Dubljević, Bojan	PF	Valencia Basket
2013	2	60	Timma, Jānis	SF	BK Ventspils
2014	1	1	Wiggins, Andrew	SF/SG	Kansas
2014	1	2	Parker, Jabari	SF/PF	Duke
2014	1	3	Embiid, Joel	C	Kansas
2014	1	4	Gordon, Aaron	PF	Arizona
2014	1	5	Exum, Dante	PG/SG	Australian Institute of Sport
2014	1	6	Smart, Marcus	PG	Oklahoma State
2014	1	7	Randle, Julius	PF	Kentucky
2014	1	8	Stauskas, Nik	SG	Michigan
2014	1	9	Vonleh, Noah	PF	Indiana
2014	1	10	Payton, Elfrid	PG	Louisiana–Lafayette
2014	1	11	McDermott, Doug	SF	Creighton
2014	1	12	Saric, Dario	SF/PF	Cibona Zagreb
2014	1	13	LaVine, Zach	SG	UCLA
2014	1	14	Warren, T. J.	SF	North Carolina State
2014	1	15	Payne, Adreian	PF	Michigan State
2014	1	16	Nurkić, Jusuf	C	Cedevita Zagreb
2014	1	17	Young, James	SG/SF	Kentucky
2014	1	18	Ennis, Tyler	PG	Syracuse
2014	1	19	Harris, Gary	SG	Michigan State
2014	1	20	Caboclo, Bruno	SF	EC Pinheiros
2014	1	21	McGary, Mitch	PF	Michigan
2014	1	22	Adams, Jordan	SG	UCLA
2014	1	23	Hood, Rodney	SG	Duke
2014	1	24	Napier, Shabazz	PG	Connecticut
2014	1	25	Capela, Clint	C	Élan Chalon
2014	1	26	Hairston, P. J.	SG	Texas Legends
2014	1	27	Bogdanović, Bogdan	SG	Partizan Belgrade
2014	1	28	Wilcox, C. J.	SG	Washington
2014	1	29	Huestis, Josh	SF/PF	Stanford
2014	1	30	Anderson, Kyle	SF	UCLA
2014	2	31	Inglis, Damien	SF	Chorale Roanne
2014	2	32	McDaniels, K. J.	SF	Clemson
2014	2	33	Harris, Joe	SG	Virginia
2014	2	34	Early, Cleanthony	SF	Wichita State
2014	2	35	Stokes, Jarnell	PF	Tennessee
2014	2	36	O'Bryant III, Johnny	PF	Louisiana State
2014	2	37	Daniels, DeAndre	SF	Connecticut
2014	2	38	Dinwiddie, Spencer	PG/SG	Colorado
2014	2	39	Grant, Jerami	SF	Syracuse
2014	2	40	Robinson III, Glenn	SF	Michigan
2014	2	41	Jokić, Nikola	PF/C	Mega Vizura
2014	2	42	Johnson, Nick	PG/SG	Arizona
2014	2	43	Tavares, Walter	C	CB Gran Canaria
2014	2	44	Brown, Markel	SG	Oklahoma State
2014	2	45	Powell, Dwight	PF	Stanford
2014	2	46	Clarkson, Jordan	PG	Missouri
2014	2	47	Smith, Russ	PG/SG	Louisville
2014	2	48	Patterson, Lamar	SG/SF	Pittsburgh
2014	2	49	Bairstow, Cameron	PF/C	New Mexico
2014	2	50	Brown, Alec	C	Green Bay
2014	2	51	Antetokounmpo, Thanasis	SF	Delaware 87ers
2014	2	52	Micić, Vasilije	PG	Mega Vizura
2014	2	53	Gentile, Alessandro	SF	Olimpia Milano
2014	2	54	Dangubić, Nemanja	SG	Mega Vizura
2014	2	55	Christon, Semaj	PG	Xavier
2014	2	56	Marble, Devyn	SG/SF	Iowa
2014	2	57	Labeyrie, Louis	PF/C	Paris-Levallois Basket
2014	2	58	McRae, Jordan	SG	Tennessee
2014	2	59	Thames, Xavier	PG/SG	San Diego State
2014	2	60	Jefferson, Cory	PF	Baylor
2015	1	1	Towns, Karl-Anthony	C	Kentucky
2015	1	2	Russell, D'Angelo	PG	Ohio State
2015	1	3	Okafor, Jahlil	C	Duke
2015	1	4	Porziņģis, Kristaps	PF/C	Baloncesto Sevilla
2015	1	5	Hezonja, Mario	SG/SF	FC Barcelona
2015	1	6	Cauley-Stein, Willie	C	Kentucky
2015	1	7	Mudiay, Emmanuel	PG	Guangdong Southern Tigers
2015	1	8	Johnson, Stanley	SF	Arizona
2015	1	9	Kaminsky, Frank	C	Wisconsin
2015	1	10	Winslow, Justise	SF	Duke
2015	1	11	Turner, Myles	C	Texas
2015	1	12	Lyles, Trey	PF	Kentucky
2015	1	13	Booker, Devin	SG	Kentucky
2015	1	14	Payne, Cameron	PG	Murray State
2015	1	15	Oubre Jr., Kelly	SG	Kansas
2015	1	16	Rozier, Terry	PG	Louisville
2015	1	17	Vaughn, Rashad	SG	UNLV
2015	1	18	Dekker, Sam	SF	Wisconsin
2015	1	19	Grant, Jerian	PG	Notre Dame
2015	1	20	Wright, Delon	PG	Utah
2015	1	21	Anderson, Justin	SF	Virginia
2015	1	22	Portis, Bobby	PF	Arkansas
2015	1	23	Hollis-Jefferson, Rondae	SF	Arizona
2015	1	24	Jones, Tyus	PG	Duke
2015	1	25	Martin, Jarell	PF	LSU
2015	1	26	Milutinov, Nikola	C	Partizan Belgrade
2015	1	27	Nance Jr., Larry	PF	Wyoming
2015	1	28	Hunter, R. J.	SG	Georgia State
2015	1	29	McCullough, Chris	PF	Syracuse
2015	1	30	Looney, Kevon	PF	UCLA
2015	2	31	Osman, Cedi	SG/SF	Anadolu Efes
2015	2	32	Harrell, Montrezl	PF	Louisville
2015	2	33	Mickey, Jordan	PF	LSU
2015	2	34	Brown, Anthony	SF	Stanford
2015	2	35	Hernangómez, Willy	C	Baloncesto Sevilla
2015	2	36	Christmas, Rakeem	PF/C	Syracuse
2015	2	37	Holmes, Richaun	SF/PF	Bowling Green
2015	2	38	Hilliard, Darrun	SG	Villanova
2015	2	39	Vaulet, Juan Pablo	SF	Estudiantes de Bahía
2015	2	40	Richardson, Josh	SG	Tennessee
2015	2	41	Connaughton, Pat	SF	Notre Dame
2015	2	42	Hanlan, Olivier	PG	Boston College
2015	2	43	Young, Joseph	PG	Oregon
2015	2	44	Harrison, Andrew	PG	Kentucky
2015	2	45	Thornton, Marcus	PG	William & Mary
2015	2	46	Powell, Norman	SG	UCLA
2015	2	47	Gudaitis, Artūras	C	Žalgiris Kaunas
2015	2	48	Johnson, Dakari	C	Kentucky
2015	2	49	White, Aaron	PF	Iowa
2015	2	50	Eriksson, Marcus	SG	FC Barcelona
2015	2	51	Harvey, Tyler	PG	Eastern Washington
2015	2	52	Bhamara, Satnam Singh	C	IMG Academy
2015	2	53	Pointer, Sir'Dominic	SF	St. John's
2015	2	54	Díez, Dani	SF	Gipuzkoa Basket
2015	2	55	Lalanne, Cady	PF	Massachusetts
2015	2	56	Dawson, Branden	SF	Michigan State
2015	2	57	Radičević, Nikola	PG	Baloncesto Sevilla
2015	2	58	Tokoto, J. P.	SG/SF	North Carolina
2015	2	59	Agravanis, Dimitrios	PF	Olympiacos
2015	2	60	Mitrović, Luka	PF	Red Star Belgrade
2016	1	1	Simmons, Ben	PF/PG	LSU
2016	1	2	Ingram, Brandon	SF	Duke
2016	1	3	Brown, Jaylen	SF/SG	California
2016	1	4	Bender, Dragan	PF/C	Maccabi FOX Tel Aviv
2016	1	5	Dunn, Kris	PG	Providence
2016	1	6	Hield, Buddy	SG	Oklahoma
2016	1	7	Murray, Jamal	SG/PG	Kentucky
2016	1	8	Chriss, Marquese	PF	Washington
2016	1	9	Poeltl	C	Utah
2016	1	10	Maker, Thon	PF	Orangeville Prep
2016	1	11	Sabonis, Domantas	PF/C	Gonzaga
2016	1	12	Prince, Taurean	PF	Baylor
2016	1	13	Papagiannis, Georgios	C	Panathinaikos
2016	1	14	Valentine, Denzel	SG/SF	Michigan State
2016	1	15	Hernangómez, Juan	SF/PF	Movistar Estudiantes
2016	1	16	Yabusele, Guerschon	PF	Rouen Métropole
2016	1	17	Baldwin IV, Wade	PG	Vanderbilt
2016	1	18	Ellenson, Henry	PF	Marquette
2016	1	19	Beasley, Malik	SG	Florida State
2016	1	20	LeVert, Caris	SG	Michigan
2016	1	21	Bembry, DeAndre'	SF	Saint Joseph's
2016	1	22	Richardson, Malachi	SG	Syracuse
2016	1	23	Žižić, Ante	C	KK Cibona
2016	1	24	Luwawu-Cabarrot, Timothé	SG/SF	Mega Leks
2016	1	25	Johnson, Brice	PF	North Carolina
2016	1	26	Korkmaz, Furkan	SG/SF	Anadolu Efes
2016	1	27	Siakam, Pascal	PF	New Mexico State
2016	1	28	Labissière, Skal	PF/C	Kentucky
2016	1	29	Murray, Dejounte	PG/SG	Washington
2016	1	30	Jones, Damian	C	Vanderbilt
2016	2	31	Davis, Deyonta	PF/C	Michigan State
2016	2	32	Zubac, Ivica	C	Mega Leks
2016	2	33	Diallo, Cheick	PF/C	Kansas
2016	2	34	Ulis, Tyler	PG	Kentucky
2016	2	35	Zagorac, Rade	SG/SF	Mega Leks
2016	2	36	Brogdon, Malcolm	PG/SG	Virginia
2016	2	37	Onuaku, Chinanu	PF/C	Louisville
2016	2	38	McCaw, Patrick	SG/SF	UNLV
2016	2	39	Michineau, David	PG	Elan !
2016	2	40	Stone, Diamond	C	Maryland
2016	2	41	Zimmerman, Stephen	PF/C	UNLV
2016	2	42	Whitehead, Isaiah	PG/SG	Seton Hall
2016	2	43	Zhou Qi,	C	Xinjiang Flying Tigers
2016	2	44	Cordinier, Isaia	SG	ASC Denain-Voltaire
2016	2	45	Jackson, Demetrius	PG	Notre Dame
2016	2	46	Hammons, A. J.	C	Purdue
2016	2	47	Layman, Jake	SF	Maryland
2016	2	48	Zipser, Paul	SG/SF	FC Bayern Munich
2016	2	49	Gbinije, Michael	SF	Syracuse
2016	2	50	Niang, Georges	PF	Iowa State
2016	2	51	Bentil, Ben	PF	Providence
2016	2	52	Bolomboy, Joel	PF/C	Weber State
2016	2	53	Cornelie, Petr	PF	Le Mans Sarthe
2016	2	54	Felder, Kay	PG	Oakland
2016	2	55	Paige, Marcus	PG	North Carolina
2016	2	56	Hamilton, Daniel	SG/SF	Connecticut
2016	2	57	Wang Zhelin,	C	Fujian Sturgeons
2016	2	58	Nader, Abdel	SF	Iowa State
2016	2	59	Cousins, Isaiah	PG/SG	Oklahoma
2016	2	60	Wallace, Tyrone	PG	California
2017	1	1	Fultz, Markelle	PG/SG	Washington
2017	1	2	Ball, Lonzo	PG	UCLA
2017	1	3	Tatum, Jayson	SF	Duke
2017	1	4	Jackson, Josh	SF	Kansas
2017	1	5	Fox, De'Aaron	PG	Kentucky
2017	1	6	Isaac, Jonathan	SF/PF	Florida State
2017	1	7	Markkanen, Lauri	PF	Arizona
2017	1	8	Ntilikina, Frank	PG	SIG Strasbourg
2017	1	9	Smith Jr., Dennis	PG	NC State
2017	1	10	Collins, Zach	C/PF	Gonzaga
2017	1	11	Monk, Malik	SG	Kentucky
2017	1	12	Kennard, Luke	SG	Duke
2017	1	13	Mitchell, Donovan	SG	Louisville
2017	1	14	Adebayo, Bam	PF/C	Kentucky
2017	1	15	Jackson, Justin	SF	North Carolina
2017	1	16	Patton, Justin	C	Creighton
2017	1	17	Wilson, D. J.	PF/SF	Michigan
2017	1	18	Leaf, T. J.	PF	UCLA
2017	1	19	Collins, John	PF	Wake Forest
2017	1	20	Giles, Harry	PF/C	Duke
2017	1	21	Ferguson, Terrance	SG	Adelaide 36ers
2017	1	22	Allen, Jarrett	C	Texas
2017	1	23	Anunoby, OG	SF	Indiana
2017	1	24	Lydon, Tyler	PF	Syracuse
2017	1	25	Pasečņiks, Anžejs	C	Herbalife Gran Canaria
2017	1	26	Swanigan, Caleb	PF	Purdue
2017	1	27	Kuzma, Kyle	PF	Utah
2017	1	28	Bradley, Tony	PF/C	North Carolina
2017	1	29	White, Derrick	PG/SG	Colorado
2017	1	30	Hart, Josh	SG	Villanova
2017	2	31	Jackson, Frank	PG	Duke
2017	2	32	Reed, Davon	SG	Miami
2017	2	33	Iwundu, Wes	SF	Kansas State
2017	2	34	Mason III, Frank	PG	Kansas
2017	2	35	Rabb, Ivan	PF	California
2017	2	36	Bolden, Jonah	PF	FMP Beograd
2017	2	37	Ojeleye, Semi	SF/PF	SMU
2017	2	38	Bell, Jordan	PF	Oregon
2017	2	39	Evans, Jawun	PG	Oklahoma State
2017	2	40	Bacon, Dwayne	SG	Florida State
2017	2	41	Dorsey, Tyler	SG	Oregon
2017	2	42	Bryant, Thomas	PF	Indiana
2017	2	43	Hartenstein, Isaiah	PF/C	Žalgiris Kaunas
2017	2	44	Dotson, Damyean	SG	Houston
2017	2	45	Brooks, Dillon	SF	Oregon
2017	2	46	Brown, Sterling	SG	SMU
2017	2	47	Anigbogu, Ike	C	UCLA
2017	2	48	Thornwell, Sindarius	SG	South Carolina
2017	2	49	Čančar, Vlatko	SF	Mega Leks
2017	2	50	Lessort, Mathias	PF/C	Nanterre 92
2017	2	51	Morris, Monté	PG	Iowa State
2017	2	52	Sumner, Edmond	PG	Xavier
2017	2	53	Allen, Kadeem	SG	Arizona
2017	2	54	Peters, Alec	SF	Valparaiso
2017	2	55	Williams-Goss, Nigel	PG	Gonzaga
2017	2	56	Bird, Jabari	SG	California
2017	2	57	Vezenkov, Sasha	PF	FC Barcelona Lassa
2017	2	58	Jaramaz, Ognjen	PG	Mega Leks
2017	2	59	Blossomgame, Jaron	SF	Clemson
2017	2	60	Kaba, Alpha	PF/C	Mega Leks
2018	1	1	DeAndre Ayton	C	Arizona
2018	1	2	Jaren Jackson Jr.	PF	Michigan St.
2018	1	3	Michael Porter	SF	Missouri
2018	1	4	Marvin Bagley	PF	Duke
2018	1	5	Luka Doncic	SG/SF	Slovenia
2018	1	6	Wendell Carter	PF/C	Duke
2018	1	7	Trae Young	PG	Oklahoma
2018	1	8	Mohamed Bamba	C	Texas
2018	1	9	Collin Sexton	PG	Alabama
2018	1	10	Kevin Knox	SF/PF	Kentucky
2018	1	11	Mikal Bridges	SG/SF	Villanova
2018	1	12	Miles Bridges	SF/PF	Michigan St.
2018	1	13	Shai Gilgeous-Al...	PG	Kentucky
2018	1	14	Robert Williams	PF/C	Texas A&M
2018	1	15	Gary Trent Jr.	SG	Duke
2018	1	16	Lonnie Walker	SG	Miami
2018	1	17	Dzanan Musa	SF	Bosnia & Herz
2018	1	18	Hamidou Diallo	SG	Kentucky
2018	1	19	Khyri Thomas	PG/SG	Creighton
2018	1	20	Mitchell Robinson	C	USA
2018	1	21	Trevon Duval	PG	Duke
2018	1	22	Grayson Allen	SG	Duke
2018	1	23	Chimezie Metu	PF/C	USC
2018	1	24	Landry Shamet	PG/SG	Wichita State
2018	1	25	Brandon McCoy	C	UNLV
2018	1	26	Troy Brown	PG/SG	Oregon
2018	1	27	Omer Yurtseven	C	NC State
2018	1	28	Austin Wiley	C	Auburn
2018	1	29	Tony Carr	PG	Penn State
2018	1	30	Moritz Wagner	PF	Michigan
2018	2	31	Rodions Kurucs	SF	Latvia
2018	2	32	Bruce Brown	SG	Miami
2018	2	33	Kerwin Roach	PG/SG	Texas
2018	2	34	Isaac Bonga	SF	Germany
2018	2	35	Robert Franks	SF/PF	Washington State
2018	2	36	Chandler Hutchison	SG/SF	Boise State
2018	2	37	Kenrich Williams	SF	TCU
2018	2	38	Keita Bates-Diop	SF	Ohio State
2018	2	39	Alize Johnson	PF	Missouri State
2018	2	40	Aaron Holiday	PG	UCLA
2018	2	41	Sviatoslav Mykha	SG	Kansas
2018	2	42	Jaylen Adams	PG/SG	St. Bonaventure
2018	2	43	Kevin Hervey	SF	Texas Arlington
2018	2	44	Allonzo Trier	SG	Arizona
2018	2	45	Keenan Evans	PG/SG	Texas Tech
2018	2	46	Shake Milton	PG/SG	SMU
2018	2	47	Goga Bitadze	C	Rep. of Georgia
2018	2	48	Jalen Brunson	PG	Villanova
2018	2	49	Thomas Wilder	PG	Western Michigan
2018	2	50	Rawle Alkins	SG	Arizona
2018	2	51	Jalen Hudson	SG	Florida
2018	2	52	Devonte Graham	PG	Kansas
2018	2	53	Arnoldas Kulboka	SF	Lithuania
2018	2	54	Melvin Frazier	SG/SF	Tulane
2018	2	55	Joel Berry	PG	North Carolina
2018	2	56	Jacob Evans	SF	Cincinnati
2018	2	57	Jevon Carter	PG	West Virginia
2018	2	58	Borisa Simanic	SF/PF	Serbia
2018	2	59	Bonzie Colson	SF/PF	Notre Dame
2018	2	60	Kendall Stephens	SG/SF	Nevada
